1	а	а	CCONJ	_	_	_	_	_	@vvp1934m-words#@vvp1934m#840.8#841.184
2	какой	какой	DET	_	Case=Ins|Gender=Fem|Number=Sing	_	_	_	@vvp1934m-words#@vvp1934m#841.184#841.568
3	вы	вы	PRON	_	Case=Nom|Number=Plur|Person=2	_	_	_	@vvp1934m-words#@vvp1934m#841.568#841.952
4	видите	видеть	VERB	_	Aspect=Imp|Mood=Ind|Number=Plur|Person=2|Tense=Pres|VerbForm=Fin|Voice=Act	_	_	_	@vvp1934m-words#@vvp1934m#841.952#842.336
5	основную	основной	ADJ	_	Case=Acc|Degree=Pos|Gender=Fem|Number=Sing	_	_	_	@vvp1934m-words#@vvp1934m#842.336#842.72
6	проблему	проблема	NOUN	_	Animacy=Inan|Case=Acc|Gender=Fem|Number=Sing	_	_	_	@vvp1934m-words#@vvp1934m#842.72#843.104
7	нашего	наш	DET	_	Case=Gen|Gender=Neut|Number=Sing	_	_	_	@vvp1934m-words#@vvp1934m#843.104#843.488
8	кино	кино	NOUN	_	Animacy=Inan|Case=Gen|Gender=Neut|Number=Sing	_	_	_	@vvp1934m-words#@vvp1934m#843.488#843.872
9	сегодня	сегодня	ADV	_	_	_	_	_	@vvp1934m-words#@vvp1934m#843.872#844.162
10	?	?	PUNCT	_	_	_	_	_	@vvp1934m-words#@vvp1934m#844.162#844.262
11	а	а	CCONJ	_	_	_	_	_	@vvp1934m-words#@vvp1934m#844.686#844.911
12	может	мочь	ADV	_	_	_	_	_	@vvp1934m-words#@vvp1934m#844.911#845.136
13	не	не	PART	_	_	_	_	_	@vvp1934m-words#@vvp1934m#845.136#845.361
14	видите	видеть	VERB	_	Aspect=Imp|Mood=Ind|Number=Plur|Person=2|Tense=Pres|VerbForm=Fin|Voice=Act	_	_	_	@vvp1934m-words#@vvp1934m#845.361#845.586
15	я	я	PRON	_	Case=Nom|Number=Sing|Person=1	_	_	_	@vvp1934m-words#@vvp1934m#845.586#845.811
16	не	не	PART	_	_	_	_	_	@vvp1934m-words#@vvp1934m#845.811#846.036
17	знаю	знать	VERB	_	Aspect=Imp|Mood=Ind|Number=Sing|Person=1|Tense=Pres|VerbForm=Fin|Voice=Act	_	_	_	@vvp1934m-words#@vvp1934m#846.036#846.266
18	серьезное	серьезный	ADJ	_	Case=Acc|Degree=Pos|Gender=Neut|Number=Sing	_	_	_	@vvp1934m-words#@vvp1934m#871.627#872.254
19	дело	дело	NOUN	_	Animacy=Inan|Case=Acc|Gender=Neut|Number=Sing	_	_	_	@vvp1934m-words#@vvp1934m#872.254#872.882
20	а	а	CCONJ	_	_	_	_	_	@vvp1934m-words#@vvp1934m#872.882#873.119
21	как	как	SCONJ	_	_	_	_	_	@vvp1934m-words#@vvp1934m#873.119#873.356
22	по	по	ADP	_	_	_	_	_	@vvp1934m-words#@vvp1934m#873.356#873.593
23	Вашему	ваш	DET	_	Case=Dat|Gender=Neut|Number=Plur	_	_	_	@vvp1934m-words#@vvp1934m#873.593#873.832
24	государство	государство	NOUN	_	Animacy=Inan|Case=Nom|Gender=Neut|Number=Sing	_	_	_	@vvp1934m-words#@vvp1934m#873.832#874.449
25	должно	должен	ADJ	_	Degree=Pos|Gender=Neut|Number=Sing|Variant=Short	_	_	_	@vvp1934m-words#@vvp1934m#874.449#875.066
26	финансировать	финансировать	VERB	_	Aspect=Imp|VerbForm=Inf|Voice=Act	_	_	_	@vvp1934m-words#@vvp1934m#875.066#875.683
27	кино	кино	NOUN	_	Animacy=Inan|Case=Acc|Gender=Neut|Number=Sing	_	_	_	@vvp1934m-words#@vvp1934m#875.683#876.202
28	?	?	PUNCT	_	_	_	_	_	@vvp1934m-words#@vvp1934m#876.202#876.302
29	и	и	CCONJ	_	_	_	_	_	@vvp1934m-words#@vvp1934m#876.312#876.61
30	сразу	сразу	ADV	_	_	_	_	_	@vvp1934m-words#@vvp1934m#876.61#876.908
31	вслед	вслед	ADP	_	_	_	_	_	@vvp1934m-words#@vvp1934m#876.908#877.504
32	за	за	ADP	_	_	_	_	_	@vvp1934m-words#@vvp1934m#877.504#877.802
33	этим	этот	PRON	_	Animacy=Inan|Case=Ins|Gender=Neut|Number=Sing	_	_	_	@vvp1934m-words#@vvp1934m#877.802#878.1
34	вопрос	вопрос	NOUN	_	Animacy=Inan|Case=Acc|Gender=Masc|Number=Sing	_	_	_	@vvp1934m-words#@vvp1934m#878.1#878.402
35	так	так	ADV	_	_	_	_	_	@vvp1934m-words#@vvp1934m#878.41#878.745
36	сказать	сказать	VERB	_	Aspect=Perf|VerbForm=Inf|Voice=Act	_	_	_	@vvp1934m-words#@vvp1934m#878.745#879.08
37	как	как	SCONJ	_	_	_	_	_	@vvp1934m-words#@vvp1934m#879.18#879.43
38	у	у	ADP	_	_	_	_	_	@vvp1934m-words#@vvp1934m#879.43#879.68
39	нас	мы	PRON	_	Case=Gen|Number=Plur|Person=1	_	_	_	@vvp1934m-words#@vvp1934m#879.68#879.93
40	говорят	говорить	VERB	_	Aspect=Imp|Mood=Ind|Number=Plur|Person=3|Tense=Pres|VerbForm=Fin|Voice=Act	_	_	_	@vvp1934m-words#@vvp1934m#879.93#880.18
41	чуть	чуть	ADV	_	_	_	_	_	@vvp1934m-words#@vvp1934m#880.18#880.72
42	грубовато	грубовато	ADV	_	_	_	_	_	@vvp1934m-words#@vvp1934m#880.72#881.26
43	конечно	конечно	ADV	_	Degree=Pos	_	_	_	@vvp1934m-words#@vvp1934m#881.26#881.8
44	aaa	aaa	INTJ	_	_	_	_	_	@vvp1934m-words#@vvp1934m#881.8#883.2
45	кто	кто	PRON	_	Case=Nom	_	_	_	@vvp1934m-words#@vvp1934m#884.7#885.017
46	ужинает	ужинать	VERB	_	Aspect=Imp|Mood=Ind|Number=Sing|Person=3|Tense=Pres|VerbForm=Fin|Voice=Act	_	_	_	@vvp1934m-words#@vvp1934m#885.017#885.334
47	девушку	девушка	NOUN	_	Animacy=Inan|Case=Acc|Gender=Fem|Number=Sing	_	_	_	@vvp1934m-words#@vvp1934m#885.334#885.651
48	тот	тот	DET	_	Case=Nom|Gender=Masc|Number=Sing	_	_	_	@vvp1934m-words#@vvp1934m#885.651#885.968
49	ее	она	PRON	_	Case=Gen|Gender=Fem|Number=Sing|Person=3	_	_	_	@vvp1934m-words#@vvp1934m#885.968#886.285
50	и	и	CCONJ	_	_	_	_	_	@vvp1934m-words#@vvp1934m#886.285#886.602
51	танцует	танцевать	VERB	_	Aspect=Imp|Mood=Ind|Number=Sing|Person=3|Tense=Pres|VerbForm=Fin|Voice=Act	_	_	_	@vvp1934m-words#@vvp1934m#886.602#886.925
52	так	так	ADV	_	_	_	_	_	@vvp1934m-words#@vvp1934m#886.925#887.212
53	вот	вот	ADV	_	_	_	_	_	@vvp1934m-words#@vvp1934m#887.212#887.499
54	как	как	ADV	_	_	_	_	_	@vvp1934m-words#@vvp1934m#887.499#887.786
55	вы	вы	PRON	_	Case=Nom|Number=Plur|Person=2	_	_	_	@vvp1934m-words#@vvp1934m#887.786#888.073
56	к	к	ADP	_	_	_	_	_	@vvp1934m-words#@vvp1934m#888.073#888.36
57	этому	это	PRON	_	Animacy=Inan|Case=Dat|Gender=Neut|Number=Sing	_	_	_	@vvp1934m-words#@vvp1934m#888.36#888.647
58	относитесь	относиться	VERB	_	Aspect=Imp|Mood=Ind|Number=Plur|Person=2|Tense=Pres|VerbForm=Fin|Voice=Mid	_	_	_	@vvp1934m-words#@vvp1934m#888.647#888.935
59	к	к	ADP	_	_	_	_	_	@vvp1934m-words#@vvp1934m#888.935#889.285
60	первому	первый	ADJ	_	Case=Dat|Degree=Pos|Gender=Masc|Number=Sing	_	_	_	@vvp1934m-words#@vvp1934m#889.285#889.635
61	и	и	CCONJ	_	_	_	_	_	@vvp1934m-words#@vvp1934m#889.635#889.985
62	ко	к	ADP	_	_	_	_	_	@vvp1934m-words#@vvp1934m#889.985#890.335
63	второму	второй	ADJ	_	Case=Dat|Degree=Pos|Gender=Masc|Number=Sing	_	_	_	@vvp1934m-words#@vvp1934m#890.335#890.585
64	?	?	PUNCT	_	_	_	_	_	@vvp1934m-words#@vvp1934m#890.585#890.685
65	а	а	CCONJ	_	_	_	_	_	@vvp1934m-words#@vvp1934m#922.21#922.707
66	как	как	SCONJ	_	_	_	_	_	@vvp1934m-words#@vvp1934m#922.707#923.204
67	следует	следовать	VERB	_	Aspect=Imp|Mood=Ind|Number=Sing|Person=3|Tense=Pres|VerbForm=Fin|Voice=Act	_	_	_	@vvp1934m-words#@vvp1934m#923.204#923.701
68	понимать	понимать	VERB	_	Aspect=Imp|VerbForm=Inf|Voice=Act	_	_	_	@vvp1934m-words#@vvp1934m#923.701#924.198
69	Ваши	ваш	DET	_	Case=Acc|Number=Plur	_	_	_	@vvp1934m-words#@vvp1934m#924.198#924.695
70	слова	слово	NOUN	_	Animacy=Inan|Case=Acc|Gender=Neut|Number=Plur	_	_	_	@vvp1934m-words#@vvp1934m#924.695#925.192
71	насчет	насчет	ADP	_	_	_	_	_	@vvp1934m-words#@vvp1934m#925.192#925.689
72	патриотического	патриотический	ADJ	_	Case=Gen|Degree=Pos|Gender=Neut|Number=Sing	_	_	_	@vvp1934m-words#@vvp1934m#925.689#926.186
73	кино	кино	NOUN	_	Animacy=Inan|Case=Gen|Gender=Neut|Number=Sing	_	_	_	@vvp1934m-words#@vvp1934m#926.186#926.59
74	?	?	PUNCT	_	_	_	_	_	@vvp1934m-words#@vvp1934m#926.59#926.69
75	ну	ну	PART	_	_	_	_	_	@vvp1934m-words#@vvp1934m#926.715#927.135
76	например	например	ADV	_	_	_	_	_	@vvp1934m-words#@vvp1934m#927.135#927.555
77	Левиафан	Левиафан	PROPN	_	Animacy=Anim|Case=Nom|Gender=Masc|Number=Sing	_	_	_	@vvp1934m-words#@vvp1934m#927.555#927.975
78	патриотическое	патриотический	ADJ	_	Case=Acc|Degree=Pos|Gender=Neut|Number=Sing	_	_	_	@vvp1934m-words#@vvp1934m#927.975#928.395
79	с	с	ADP	_	_	_	_	_	@vvp1934m-words#@vvp1934m#929.68#930.18
80	Вашей	ваш	DET	_	Case=Gen|Gender=Fem|Number=Plur	_	_	_	@vvp1934m-words#@vvp1934m#930.18#930.68
81	точки	точка	NOUN	_	Animacy=Inan|Case=Gen|Gender=Fem|Number=Sing	_	_	_	@vvp1934m-words#@vvp1934m#930.68#931.18
82	зрения	зрение	NOUN	_	Animacy=Inan|Case=Gen|Gender=Neut|Number=Sing	_	_	_	@vvp1934m-words#@vvp1934m#931.18#931.68
83	ну	ну	PART	_	_	_	_	_	@vvp1934m-words#@vvp1934m#938.685#938.972
84	это	это	PRON	_	Animacy=Inan|Case=Nom|Gender=Neut|Number=Sing	_	_	_	@vvp1934m-words#@vvp1934m#938.972#939.259
85	Вы	вы	PRON	_	Case=Nom|Number=Plur|Person=2	_	_	_	@vvp1934m-words#@vvp1934m#939.259#939.546
86	уходите	уходить	VERB	_	Aspect=Imp|Mood=Ind|Number=Plur|Person=2|Tense=Pres|VerbForm=Fin|Voice=Act	_	_	_	@vvp1934m-words#@vvp1934m#939.546#939.833
87	та…	так	ADV	_	_	_	_	_	@vvp1934m-words#@vvp1934m#939.833#940.12
88	та…	так	ADV	_	_	_	_	_	@vvp1934m-words#@vvp1934m#940.12#940.407
89	та…	так	ADV	_	_	_	_	_	@vvp1934m-words#@vvp1934m#940.407#940.695
90	так	так	ADV	_	_	_	_	_	@vvp1934m-words#@vvp1934m#950.985#951.29
91	вот	вот	PART	_	_	_	_	_	@vvp1934m-words#@vvp1934m#951.29#951.595
92	я	я	PRON	_	Case=Nom|Number=Sing|Person=1	_	_	_	@vvp1934m-words#@vvp1934m#979.98#980.533
93	все-таки	все-таки	PART	_	_	_	_	_	@vvp1934m-words#@vvp1934m#980.533#981.086
94	хочу	хотеть	VERB	_	Aspect=Imp|Mood=Ind|Number=Sing|Person=1|Tense=Pres|VerbForm=Fin|Voice=Act	_	_	_	@vvp1934m-words#@vvp1934m#981.086#981.639
95	аа	аa	INTJ	_	_	_	_	_	@vvp1934m-words#@vvp1934m#981.639#982.192
96	этот	этот	DET	_	Case=Acc|Gender=Masc|Number=Sing	_	_	_	@vvp1934m-words#@vvp1934m#982.192#982.745
97	вопрос	вопрос	NOUN	_	Animacy=Inan|Case=Acc|Gender=Masc|Number=Sing	_	_	_	@vvp1934m-words#@vvp1934m#982.745#983.298
98	довести	довести	VERB	_	Aspect=Perf|VerbForm=Inf|Voice=Act	_	_	_	@vvp1934m-words#@vvp1934m#983.298#983.851
99	до	до	ADP	_	_	_	_	_	@vvp1934m-words#@vvp1934m#983.851#984.41
100	логического	логический	ADJ	_	Case=Gen|Degree=Pos|Gender=Masc|Number=Sing	_	_	_	@vvp1934m-words#@vvp1934m#984.6#985.346
101	конца	конец	NOUN	_	Animacy=Inan|Case=Gen|Gender=Masc|Number=Sing	_	_	_	@vvp1934m-words#@vvp1934m#985.346#986.092
102	для	для	ADP	_	_	_	_	_	@vvp1934m-words#@vvp1934m#986.092#986.838
103	Вас	вы	PRON	_	Case=Gen|Number=Plur|Person=2	_	_	_	@vvp1934m-words#@vvp1934m#986.838#987.584
104	патриотическое	патриотический	ADJ	_	Case=Acc|Degree=Pos|Gender=Neut|Number=Sing	_	_	_	@vvp1934m-words#@vvp1934m#987.584#988.33
105	кино	кино	NOUN	_	Animacy=Inan|Case=Acc|Gender=Neut|Number=Sing	_	_	_	@vvp1934m-words#@vvp1934m#988.33#989.076
106	это	это	DET	_	Case=Acc|Gender=Neut|Number=Sing	_	_	_	@vvp1934m-words#@vvp1934m#989.076#989.822
107	такое	такой	DET	_	Case=Acc|Gender=Neut|Number=Sing	_	_	_	@vvp1934m-words#@vvp1934m#989.822#990.568
108	кино	кино	NOUN	_	Animacy=Inan|Case=Acc|Gender=Neut|Number=Sing	_	_	_	@vvp1934m-words#@vvp1934m#990.568#991.314
109	которое	который	PRON	_	Case=Acc	_	_	_	@vvp1934m-words#@vvp1934m#991.314#992.06
110	не	не	PART	_	_	_	_	_	@vvp1934m-words#@vvp1934m#992.06#992.806
111	аа	аа	INTJ	_	_	_	_	_	@vvp1934m-words#@vvp1934m#992.806#993.552
112	критикует	критиковать	VERB	_	Aspect=Imp|Mood=Ind|Number=Sing|Person=3|Tense=Pres|VerbForm=Fin|Voice=Act	_	_	_	@vvp1934m-words#@vvp1934m#993.552#994.3
113	хорошо	хорошо	INTJ	_	_	_	_	_	@vvp1934m-words#@vvp1934m#1002.9#1004.0
114	ладно	ладно	INTJ	_	_	_	_	_	@vvp1934m-words#@vvp1934m#1005.015#1005.413
115	поговорим	поговорить	VERB	_	Aspect=Perf|Mood=Ind|Number=Plur|Person=1|Tense=Fut|VerbForm=Fin|Voice=Act	_	_	_	@vvp1934m-words#@vvp1934m#1005.413#1005.811
116	о	о	ADP	_	_	_	_	_	@vvp1934m-words#@vvp1934m#1005.811#1006.209
117	соби…	Собибор	PROPN	_	Animacy=Inan|Case=Loc|Gender=Masc|Number=Sing	_	_	_	@vvp1934m-words#@vvp1934m#1006.209#1006.607
118	о	о	ADP	_	_	_	_	_	@vvp1934m-words#@vvp1934m#1006.607#1007.005
119	Собиборе	Собибор	PROPN	_	Animacy=Inan|Case=Loc|Gender=Masc|Number=Sing	_	_	_	@vvp1934m-words#@vvp1934m#1007.005#1007.405
120	ааа	аа	INTJ	_	_	_	_	_	@vvp1934m-words#@vvp1934m#1007.815#1008.315
121	предварительный	предварительный	ADJ	_	Animacy=Inan|Case=Acc|Degree=Pos|Gender=Masc|Number=Sing	_	_	_	@vvp1934m-words#@vvp1934m#1008.315#1008.81
122	вопрос	вопрос	NOUN	_	Animacy=Inan|Case=Acc|Gender=Masc|Number=Sing	_	_	_	@vvp1934m-words#@vvp1934m#1008.81#1009.305
123	где-то	где-то	ADV	_	Degree=Pos	_	_	_	@vvp1934m-words#@vvp1934m#1009.515#1009.837
124	я	я	PRON	_	Case=Nom|Number=Sing|Person=1	_	_	_	@vvp1934m-words#@vvp1934m#1009.837#1010.159
125	вычитал	вычитать	VERB	_	Aspect=Perf|Gender=Masc|Mood=Ind|Number=Sing|Tense=Past|VerbForm=Fin|Voice=Act	_	_	_	@vvp1934m-words#@vvp1934m#1010.159#1010.481
126	правда	правда	ADV	_	_	_	_	_	@vvp1934m-words#@vvp1934m#1010.481#1010.803
127	или	или	CCONJ	_	_	_	_	_	@vvp1934m-words#@vvp1934m#1010.803#1011.125
128	нет	нет	PART	_	_	_	_	_	@vvp1934m-words#@vvp1934m#1011.125#1011.447
129	я	я	PRON	_	Case=Nom|Number=Sing|Person=1	_	_	_	@vvp1934m-words#@vvp1934m#1011.447#1011.769
130	не	не	PART	_	_	_	_	_	@vvp1934m-words#@vvp1934m#1011.769#1012.091
131	знаю	знать	VERB	_	Aspect=Imp|Mood=Ind|Number=Sing|Person=1|Tense=Pres|VerbForm=Fin|Voice=Act	_	_	_	@vvp1934m-words#@vvp1934m#1012.091#1012.415
132	что	что	SCONJ	_	_	_	_	_	@vvp1934m-words#@vvp1934m#1012.8#1013.182
133	сама	сам	DET	_	_	_	_	_	@vvp1934m-words#@vvp1934m#1013.182#1013.564
134	идея	идея	NOUN	_	Animacy=Inan|Case=Nom|Gender=Fem|Number=Sing	_	_	_	@vvp1934m-words#@vvp1934m#1013.564#1013.946
135	этого	этот	DET	_	Case=Gen|Gender=Masc|Number=Sing	_	_	_	@vvp1934m-words#@vvp1934m#1013.946#1014.328
136	фильма	фильм	NOUN	_	Animacy=Inan|Case=Gen|Gender=Masc|Number=Sing	_	_	_	@vvp1934m-words#@vvp1934m#1014.328#1014.71
137	принадлежит	принадлежать	VERB	_	Aspect=Imp|Mood=Ind|Number=Sing|Person=3|Tense=Pres|VerbForm=Fin|Voice=Act	_	_	_	@vvp1934m-words#@vvp1934m#1014.71#1015.092
138	министру	министр	NOUN	_	Animacy=Anim|Case=Dat|Gender=Masc|Number=Sing	_	_	_	@vvp1934m-words#@vvp1934m#1015.092#1015.474
139	культуры	культура	NOUN	_	Animacy=Inan|Case=Gen|Gender=Fem|Number=Sing	_	_	_	@vvp1934m-words#@vvp1934m#1015.474#1015.856
140	господину	господин	NOUN	_	Animacy=Anim|Case=Dat|Gender=Masc|Number=Sing	_	_	_	@vvp1934m-words#@vvp1934m#1015.856#1016.238
141	Мединскому	Мединский	PROPN	_	Animacy=Anim|Case=Dat|Gender=Masc|Number=Sing	_	_	_	@vvp1934m-words#@vvp1934m#1016.238#1016.62
142	это	это	PRON	_	Animacy=Inan|Case=Acc|Gender=Neut|Number=Sing	_	_	_	@vvp1934m-words#@vvp1934m#1016.62#1017.002
143	так	так	ADV	_	_	_	_	_	@vvp1934m-words#@vvp1934m#1017.002#1017.29
144	?	?	PUNCT	_	_	_	_	_	@vvp1934m-words#@vvp1934m#1017.29#1017.39
145	а	а	CCONJ	_	_	_	_	_	@vvp1934m-words#@vvp1934m#1027.88#1028.363
146	режиссер	режиссер	NOUN	_	Animacy=Anim|Case=Nom|Gender=Masc|Number=Sing	_	_	_	@vvp1934m-words#@vvp1934m#1028.363#1028.846
147	разве	разве	PART	_	_	_	_	_	@vvp1934m-words#@vvp1934m#1028.846#1029.329
148	не	не	PART	_	_	_	_	_	@vvp1934m-words#@vvp1934m#1029.329#1029.812
149	автор	автор	NOUN	_	Animacy=Anim|Case=Nom|Gender=Masc|Number=Sing	_	_	_	@vvp1934m-words#@vvp1934m#1029.812#1030.295
150	идеи	идеи	NOUN	_	Animacy=Inan|Case=Gen|Gender=Fem|Number=Sing	_	_	_	@vvp1934m-words#@vvp1934m#1030.295#1030.68
151	?	?	PUNCT	_	_	_	_	_	@vvp1934m-words#@vvp1934m#1030.68#1030.78
152	давайте	давать	VERB	_	Aspect=Imp|Mood=Imp|Number=Plur|Person=2|VerbForm=Fin|Voice=Act	_	_	_	@vvp1934m-words#@vvp1934m#1032.885#1033.505
153	так	так	ADV	_	_	_	_	_	@vvp1934m-words#@vvp1934m#1044.12#1044.71
154	разные	разный	ADJ	_	Animacy=Inan|Case=Acc|Degree=Pos|Number=Plur	_	_	_	@vvp1934m-words#@vvp1934m#1098.01#1098.63
155	разные	разный	ADJ	_	Animacy=Inan|Case=Acc|Degree=Pos|Number=Plur	_	_	_	@vvp1934m-words#@vvp1934m#1098.63#1099.25
156	конечно	конечно	ADV	_	_	_	_	_	@vvp1934m-words#@vvp1934m#1099.25#1099.87
157	да	да	PART	_	_	_	_	_	@vvp1934m-words#@vvp1934m#1099.87#1100.49
158	аа	ао	INTJ	_	_	_	_	_	@vvp1934m-words#@vvp1934m#1101.69#1102.125
159	мм	мм	INTJ	_	_	_	_	_	@vvp1934m-words#@vvp1934m#1102.125#1102.56
160	ээ	ээ	INTJ	_	_	_	_	_	@vvp1934m-words#@vvp1934m#1102.56#1102.995
161	я	я	PRON	_	Case=Nom|Number=Sing|Person=1	_	_	_	@vvp1934m-words#@vvp1934m#1102.995#1103.5
162	тоже	тоже	PART	_	_	_	_	_	@vvp1934m-words#@vvp1934m#1103.5#1104.005
163	вычитал	вычитать	VERB	_	Aspect=Perf|Gender=Masc|Mood=Ind|Number=Sing|Tense=Past|VerbForm=Fin|Voice=Act	_	_	_	@vvp1934m-words#@vvp1934m#1104.005#1104.51
164	что	что	SCONJ	_	_	_	_	_	@vvp1934m-words#@vvp1934m#1104.51#1105.015
165	аа	ао	INTJ	_	_	_	_	_	@vvp1934m-words#@vvp1934m#1105.02#1105.317
166	отрывки	отрывок	NOUN	_	Animacy=Inan|Case=Gen|Gender=Fem|Number=Plur	_	_	_	@vvp1934m-words#@vvp1934m#1105.317#1105.614
167	из	из	ADP	_	_	_	_	_	@vvp1934m-words#@vvp1934m#1105.614#1105.911
168	этого	этот	DET	_	Case=Gen|Gender=Masc|Number=Sing	_	_	_	@vvp1934m-words#@vvp1934m#1105.911#1106.208
169	фильма	фильм	NOUN	_	Animacy=Inan|Case=Gen|Gender=Masc|Number=Sing	_	_	_	@vvp1934m-words#@vvp1934m#1106.208#1106.505
170	видел	видеть	VERB	_	Aspect=Imp|Gender=Masc|Mood=Ind|Number=Sing|Tense=Past|VerbForm=Fin|Voice=Act	_	_	_	@vvp1934m-words#@vvp1934m#1106.505#1106.802
171	Путин	Путин	PROPN	_	Animacy=Anim|Case=Nom|Gender=Masc|Number=Sing	_	_	_	@vvp1934m-words#@vvp1934m#1106.802#1107.099
172	да	да	PART	_	_	_	_	_	@vvp1934m-words#@vvp1934m#1107.099#1107.35
173	?	?	PUNCT	_	_	_	_	_	@vvp1934m-words#@vvp1934m#1107.35#1107.4
174	было	быть	AUX	_	Aspect=Imp|Gender=Neut|Mood=Ind|Number=Sing|Tense=Past|VerbForm=Fin|Voice=Act	_	_	_	@vvp1934m-words#@vvp1934m#1108.28#1108.688
175	он	он	PRON	_	Case=Nom|Gender=Masc|Number=Sing|Person=3	_	_	_	@vvp1934m-words#@vvp1934m#1108.688#1109.096
176	что-нибудь	что-нибудь	PRON	_	Case=Acc	_	_	_	@vvp1934m-words#@vvp1934m#1109.096#1109.504
177	сказал	сказать	VERB	_	Aspect=Perf|Gender=Masc|Mood=Ind|Number=Sing|Tense=Past|VerbForm=Fin|Voice=Act	_	_	_	@vvp1934m-words#@vvp1934m#1109.504#1109.912
178	по	по	ADP	_	_	_	_	_	@vvp1934m-words#@vvp1934m#1109.912#1110.32
179	этому	этот	DET	_	Animacy=Inan|Case=Dat|Gender=Masc|Number=Sing	_	_	_	@vvp1934m-words#@vvp1934m#1110.32#1110.728
180	поводу	поводу	NOUN	_	Animacy=Inan|Case=Dat|Gender=Masc|Number=Sing	_	_	_	@vvp1934m-words#@vvp1934m#1110.728#1111.036
181	?	?	PUNCT	_	_	_	_	_	@vvp1934m-words#@vvp1934m#1111.036#1111.136
182	посмотрел	посмотреть	VERB	_	Aspect=Perf|Gender=Masc|Mood=Ind|Number=Sing|Tense=Past|VerbForm=Fin|Voice=Act	_	_	_	@vvp1934m-words#@vvp1934m#1111.136#1111.544
183	и	и	CCONJ	_	_	_	_	_	@vvp1934m-words#@vvp1934m#1111.544#1111.952
184	посмотрел	посмотреть	VERB	_	Aspect=Perf|Gender=Masc|Mood=Ind|Number=Sing|Tense=Past|VerbForm=Fin|Voice=Act	_	_	_	@vvp1934m-words#@vvp1934m#1111.952#1112.36
185	и	и	CCONJ	_	_	_	_	_	@vvp1934m-words#@vvp1934m#1112.36#1112.89
186	все	все	PART	_	_	_	_	_	@vvp1934m-words#@vvp1934m#1112.89#1113.42
187	не	не	PART	_	_	_	_	_	@vvp1934m-words#@vvp1934m#1113.42#1113.95
188	высказался	высказаться	VERB	_	Aspect=Perf|Gender=Masc|Mood=Ind|Number=Sing|Tense=Past|VerbForm=Fin|Voice=Mid	_	_	_	@vvp1934m-words#@vvp1934m#1113.95#1114.48
189	хорошо	хорошо	ADV	_	Degree=Pos	_	_	_	@vvp1934m-words#@vvp1934m#1114.48#1115.01
190	ааа	аа	INTJ	_	_	_	_	_	@vvp1934m-words#@vvp1934m#1115.08#1116.18
191	почему	почему	ADV	_	_	_	_	_	@vvp1934m-words#@vvp1934m#1116.605#1117.01
192	Вы	вы	PRON	_	Case=Nom|Number=Plur|Person=2	_	_	_	@vvp1934m-words#@vvp1934m#1117.01#1117.415
193	решили	решить	VERB	_	Aspect=Perf|Mood=Ind|Number=Plur|Tense=Past|VerbForm=Fin|Voice=Act	_	_	_	@vvp1934m-words#@vvp1934m#1117.415#1117.82
194	вот	вот	PART	_	_	_	_	_	@vvp1934m-words#@vvp1934m#1117.82#1118.362
195	свой	свой	DET	_	Case=Acc|Gender=Masc|Number=Sing	_	_	_	@vvp1934m-words#@vvp1934m#1118.362#1118.904
196	дебют	дебют	NOUN	_	Animacy=Inan|Case=Acc|Gender=Masc|Number=Sing	_	_	_	@vvp1934m-words#@vvp1934m#1118.904#1119.446
197	режиссерский	режиссерский	ADJ	_	Animacy=Inan|Case=Acc|Degree=Pos|Gender=Masc|Number=Sing	_	_	_	@vvp1934m-words#@vvp1934m#1119.446#1119.988
198	в	в	ADP	_	_	_	_	_	@vvp1934m-words#@vvp1934m#1119.988#1120.53
199	кино	кино	NOUN	_	Animacy=Inan|Case=Acc|Gender=Neut|Number=Sing	_	_	_	@vvp1934m-words#@vvp1934m#1120.53#1121.075
200	вот	вот	PART	_	_	_	_	_	@vvp1934m-words#@vvp1934m#1121.075#1121.301
201	начать	начать	VERB	_	Aspect=Perf|VerbForm=Inf|Voice=Act	_	_	_	@vvp1934m-words#@vvp1934m#1121.301#1121.527
202	с	с	ADP	_	_	_	_	_	@vvp1934m-words#@vvp1934m#1121.527#1121.753
203	такой	такой	DET	_	Case=Gen|Gender=Fem|Number=Sing	_	_	_	@vvp1934m-words#@vvp1934m#1121.753#1121.98
204	с	с	ADP	_	_	_	_	_	@vvp1934m-words#@vvp1934m#1121.98#1122.647
205	такой	такой	DET	_	Case=Gen|Gender=Fem|Number=Sing	_	_	_	@vvp1934m-words#@vvp1934m#1122.647#1123.314
206	темы	тема	NOUN	_	Animacy=Inan|Case=Gen|Gender=Fem|Number=Sing	_	_	_	@vvp1934m-words#@vvp1934m#1123.314#1123.981
207	с	с	ADP	_	_	_	_	_	@vvp1934m-words#@vvp1934m#1123.981#1124.648
208	Собибора	Собибор	PROPN	_	Animacy=Anim|Case=Gen|Gender=Masc|Number=Sing	_	_	_	@vvp1934m-words#@vvp1934m#1124.648#1125.315
209	что	что	PRON	_	Case=Nom	_	_	_	@vvp1934m-words#@vvp1934m#1125.315#1125.982
210	привлекло	привлечь	VERB	_	Aspect=Perf|Gender=Neut|Mood=Ind|Number=Sing|Tense=Past|VerbForm=Fin|Voice=Act	_	_	_	@vvp1934m-words#@vvp1934m#1125.982#1126.649
211	Вас	вас	PRON	_	Case=Acc|Number=Plur|Person=2	_	_	_	@vvp1934m-words#@vvp1934m#1126.649#1127.216
212	?	?	PUNCT	_	_	_	_	_	@vvp1934m-words#@vvp1934m#1127.216#1127.316
213	эээ	эээ	INTJ	_	_	_	_	_	@vvp1934m-words#@vvp1934m#1127.316#1127.99
214	во-первых	во-первых	ADV	_	_	_	_	_	@vvp1934m-words#@vvp1934m#1128.61#1129.085
215	тема	тема	NOUN	_	Animacy=Inan|Case=Nom|Gender=Fem|Number=Sing	_	_	_	@vvp1934m-words#@vvp1934m#1129.085#1129.56
216	ведь	ведь	PART	_	_	_	_	_	@vvp1934m-words#@vvp1934m#1129.56#1130.035
217	довольно	довольно	ADV	_	_	_	_	_	@vvp1934m-words#@vvp1934m#1130.035#1130.51
218	несвежая	несвежий	ADJ	_	Case=Nom|Degree=Pos|Gender=Fem|Number=Sing	_	_	_	@vvp1934m-words#@vvp1934m#1131.0#1131.483
219	ну	ну	PART	_	_	_	_	_	@vvp1934m-words#@vvp1934m#1131.483#1131.966
220	много	много	ADV	_	Degree=Pos	_	_	_	@vvp1934m-words#@vvp1934m#1131.966#1132.449
221	делали	делать	VERB	_	Aspect=Imp|Mood=Ind|Number=Plur|Tense=Past|VerbForm=Fin|Voice=Act	_	_	_	@vvp1934m-words#@vvp1934m#1132.449#1132.932
222	фильмов	фильм	NOUN	_	Animacy=Inan|Case=Gen|Gender=Masc|Number=Plur	_	_	_	@vvp1934m-words#@vvp1934m#1132.932#1133.415
223	аа	аа	INTJ	_	_	_	_	_	@vvp1934m-words#@vvp1934m#1133.415#1133.898
224	в	в	ADP	_	_	_	_	_	@vvp1934m-words#@vvp1934m#1133.898#1134.381
225	разные	разный	ADJ	_	Animacy=Inan|Case=Acc|Degree=Pos|Number=Plur	_	_	_	@vvp1934m-words#@vvp1934m#1134.381#1134.864
226	времена	время	NOUN	_	Animacy=Inan|Case=Acc|Gender=Neut|Number=Plur	_	_	_	@vvp1934m-words#@vvp1934m#1134.864#1135.347
227	о	о	ADP	_	_	_	_	_	@vvp1934m-words#@vvp1934m#1135.347#1135.83
228	лагерях	лагерь	NOUN	_	Animacy=Inan|Case=Loc|Gender=Masc|Number=Plur	_	_	_	@vvp1934m-words#@vvp1934m#1135.83#1136.313
229	об	о	ADP	_	_	_	_	_	@vvp1934m-words#@vvp1934m#1136.313#1136.796
230	ужасах	ужас	NOUN	_	Animacy=Inan|Case=Loc|Gender=Masc|Number=Plur	_	_	_	@vvp1934m-words#@vvp1934m#1136.796#1137.29
231	о	о	ADP	_	_	_	_	_	@vvp1934m-words#@vvp1934m#1137.29#1137.733
232	попытках	попытка	NOUN	_	Animacy=Inan|Case=Loc|Gender=Fem|Number=Plur	_	_	_	@vvp1934m-words#@vvp1934m#1137.733#1138.176
233	даже	даже	PART	_	_	_	_	_	@vvp1934m-words#@vvp1934m#1138.176#1138.619
234	восстать	восстать	VERB	_	Aspect=Perf|VerbForm=Inf|Voice=Act	_	_	_	@vvp1934m-words#@vvp1934m#1138.619#1139.062
235	но	но	CCONJ	_	_	_	_	_	@vvp1934m-words#@vvp1934m#1139.062#1139.505
236	и	и	PART	_	_	_	_	_	@vvp1934m-words#@vvp1934m#1139.505#1139.948
237	кроме	кроме	ADP	_	_	_	_	_	@vvp1934m-words#@vvp1934m#1139.948#1140.391
238	того	то	PRON	_	Animacy=Inan|Case=Gen|Gender=Neut|Number=Sing	_	_	_	@vvp1934m-words#@vvp1934m#1140.391#1140.834
239	на	на	ADP	_	_	_	_	_	@vvp1934m-words#@vvp1934m#1140.834#1141.277
240	мой	мой	DET	_	Case=Acc|Gender=Masc|Number=Sing	_	_	_	@vvp1934m-words#@vvp1934m#1141.277#1141.72
241	взгляд	взгляд	NOUN	_	Animacy=Inan|Case=Acc|Gender=Masc|Number=Sing	_	_	_	@vvp1934m-words#@vvp1934m#1141.72#1142.163
242	сегодня	сегодня	ADV	_	Degree=Pos	_	_	_	@vvp1934m-words#@vvp1934m#1142.163#1142.606
243	она	она	PRON	_	Case=Nom|Gender=Fem|Number=Sing|Person=3	_	_	_	@vvp1934m-words#@vvp1934m#1142.606#1143.049
244	не	не	PART	_	_	_	_	_	@vvp1934m-words#@vvp1934m#1143.049#1143.492
245	сильно	сильно	ADV	_	Degree=Pos	_	_	_	@vvp1934m-words#@vvp1934m#1143.492#1143.935
246	востребована	востребованный	ADJ	_	Degree=Pos|Gender=Fem|Number=Sing|Variant=Short	_	_	_	@vvp1934m-words#@vvp1934m#1143.935#1144.378
247	к	к	ADP	_	_	_	_	_	@vvp1934m-words#@vvp1934m#1144.378#1144.821
248	сожалению	сожаление	NOUN	_	Animacy=Inan|Case=Dat|Gender=Neut|Number=Sing	_	_	_	@vvp1934m-words#@vvp1934m#1144.821#1145.264
249	но	но	CCONJ	_	_	_	_	_	@vvp1934m-words#@vvp1934m#1145.264#1145.707
250	вот	вот	PART	_	_	_	_	_	@vvp1934m-words#@vvp1934m#1145.707#1146.15
251	что	что	PRON	_	Case=Nom	_	_	_	@vvp1934m-words#@vvp1934m#1146.15#1146.593
252	Вас	Вас	PRON	_	Case=Gen|Number=Plur|Person=2	_	_	_	@vvp1934m-words#@vvp1934m#1146.593#1147.036
253	привлекло	привлечь	VERB	_	Aspect=Perf|Gender=Neut|Mood=Ind|Number=Sing|Tense=Past|VerbForm=Fin|Voice=Act	_	_	_	@vvp1934m-words#@vvp1934m#1147.036#1147.38
254	?	?	PUNCT	_	_	_	_	_	@vvp1934m-words#@vvp1934m#1147.38#1147.48
255	да	да	INTJ	_	_	_	_	_	@vvp1934m-words#@vvp1934m#1151.69#1152.09
256	да	да	INTJ	_	_	_	_	_	@vvp1934m-words#@vvp1934m#1152.09#1152.323
257	да	да	INTJ	_	_	_	_	_	@vvp1934m-words#@vvp1934m#1152.323#1152.556
258	да	да	INTJ	_	_	_	_	_	@vvp1934m-words#@vvp1934m#1152.556#1152.79
259	конечно	конечно	INTJ	_	_	_	_	_	@vvp1934m-words#@vvp1934m#1176.915#1177.46
260	конечно	конечно	INTJ	_	_	_	_	_	@vvp1934m-words#@vvp1934m#1177.46#1178.005
261	да	да	INTJ	_	_	_	_	_	@vvp1934m-words#@vvp1934m#1181.3#1181.96
262	да	да	INTJ	_	_	_	_	_	@vvp1934m-words#@vvp1934m#1181.96#1182.62
263	мне	я	PRON	_	Case=Dat|Number=Sing|Person=1	_	_	_	@kyk1972m-words#@kyk1972m#849.606#850.158
264	кажется	казаться	VERB	_	Aspect=Imp|Mood=Ind|Number=Sing|Person=3|Tense=Pres|VerbForm=Fin|Voice=Mid	_	_	_	@kyk1972m-words#@kyk1972m#850.158#850.711
265	есть	быть	VERB	_	Aspect=Imp|Mood=Ind|Number=Sing|Person=3|Tense=Pres|VerbForm=Fin|Voice=Act	_	_	_	@kyk1972m-words#@kyk1972m#850.711#851.411
266	какая-то	какой-то	DET	_	Case=Nom|Gender=Fem|Number=Sing	_	_	_	@kyk1972m-words#@kyk1972m#851.411#852.111
267	спешка	спешка	NOUN	_	Animacy=Inan|Case=Nom|Gender=Fem|Number=Sing	_	_	_	@kyk1972m-words#@kyk1972m#853.816#854.876
268	поскорее	скоро	ADV	_	Degree=Cmp	_	_	_	@kyk1972m-words#@kyk1972m#855.241#855.937
269	освоить	освоить	VERB	_	Aspect=Perf|VerbForm=Inf|Voice=Act	_	_	_	@kyk1972m-words#@kyk1972m#855.937#856.633
270	бюджет	бюджет	NOUN	_	Animacy=Inan|Case=Acc|Gender=Masc|Number=Sing	_	_	_	@kyk1972m-words#@kyk1972m#856.633#857.331
271	и	и	CCONJ	_	_	_	_	_	@kyk1972m-words#@kyk1972m#859.985#860.652
272	поэтому	поэтому	ADV	_	Degree=Pos	_	_	_	@kyk1972m-words#@kyk1972m#860.652#861.319
273	недоделанные	недоделанный	ADJ	_	Animacy=Inan|Case=Acc|Degree=Pos|Number=Plur	_	_	_	@kyk1972m-words#@kyk1972m#861.319#861.986
274	сценарии	сценарий	NOUN	_	Animacy=Inan|Case=Acc|Gender=Masc|Number=Plur	_	_	_	@kyk1972m-words#@kyk1972m#861.986#862.655
275	недоделанные	недоделанный	ADJ	_	Animacy=Inan|Case=Acc|Degree=Pos|Number=Plur	_	_	_	@kyk1972m-words#@kyk1972m#862.655#863.742
276	локации	локация	NOUN	_	Animacy=Inan|Case=Acc|Gender=Fem|Number=Plur	_	_	_	@kyk1972m-words#@kyk1972m#863.742#864.83
277	недокастинг	недокастинг	NOUN	_	Animacy=Inan|Case=Acc|Gender=Masc|Number=Sing	_	_	_	@kyk1972m-words#@kyk1972m#864.847#866.827
278	актерский	актерский	ADJ	_	Animacy=Inan|Case=Acc|Degree=Pos|Gender=Masc|Number=Sing	_	_	_	@kyk1972m-words#@kyk1972m#867.002#868.092
279	недорежиссеринг	недорежиссеринг	NOUN	_	Animacy=Inan|Case=Acc|Gender=Masc|Number=Sing	_	_	_	@kyk1972m-words#@kyk1972m#868.092#869.817
280	актерский	актерский	ADJ	_	Animacy=Inan|Case=Acc|Degree=Pos|Gender=Masc|Number=Sing	_	_	_	@kyk1972m-words#@kyk1972m#869.817#871.027
281	я	я	PRON	_	Case=Nom|Number=Sing|Person=1	_	_	_	@kyk1972m-words#@kyk1972m#891.67#892.094
282	считаю	считать	VERB	_	Aspect=Imp|Mood=Ind|Number=Sing|Person=1|Tense=Pres|VerbForm=Fin|Voice=Act	_	_	_	@kyk1972m-words#@kyk1972m#892.094#892.518
283	что	что	SCONJ	_	_	_	_	_	@kyk1972m-words#@kyk1972m#892.518#892.942
284	да	да	INTJ	_	_	_	_	_	@kyk1972m-words#@kyk1972m#892.942#893.366
285	конечно	конечно	ADV	_	_	_	_	_	@kyk1972m-words#@kyk1972m#893.366#893.79
286	государство	государство	NOUN	_	Animacy=Inan|Case=Nom|Gender=Neut|Number=Sing	_	_	_	@kyk1972m-words#@kyk1972m#893.79#894.214
287	должно	должен	ADJ	_	Degree=Pos|Gender=Neut|Number=Sing|Variant=Short	_	_	_	@kyk1972m-words#@kyk1972m#894.214#894.638
288	финансировать	финансировать	VERB	_	Aspect=Imp|VerbForm=Inf|Voice=Act	_	_	_	@kyk1972m-words#@kyk1972m#894.638#895.062
289	кино	кино	NOUN	_	Animacy=Inan|Case=Acc|Gender=Neut|Number=Plur	_	_	_	@kyk1972m-words#@kyk1972m#895.062#895.49
290	и	и	CCONJ	_	_	_	_	_	@kyk1972m-words#@kyk1972m#895.49#895.763
291	в	в	ADP	_	_	_	_	_	@kyk1972m-words#@kyk1972m#895.763#896.036
292	первую	первый	ADJ	_	Animacy=Inan|Case=Acc|Gender=Fem|Number=Sing	_	_	_	@kyk1972m-words#@kyk1972m#896.036#896.309
293	очередь	очередь	NOUN	_	Animacy=Inan|Case=Acc|Gender=Fem|Number=Sing	_	_	_	@kyk1972m-words#@kyk1972m#896.309#896.582
294	я	я	PRON	_	Case=Nom|Number=Sing|Person=1	_	_	_	@kyk1972m-words#@kyk1972m#896.582#896.855
295	это	это	PRON	_	Animacy=Inan|Case=Acc|Gender=Neut|Number=Sing	_	_	_	@kyk1972m-words#@kyk1972m#896.855#897.128
296	говорил	говорить	VERB	_	Aspect=Imp|Gender=Masc|Mood=Ind|Number=Sing|Tense=Past|VerbForm=Fin|Voice=Act	_	_	_	@kyk1972m-words#@kyk1972m#897.128#897.401
297	и	и	CCONJ	_	_	_	_	_	@kyk1972m-words#@kyk1972m#897.401#897.674
298	десять	десять	NUM	_	Case=Acc	_	_	_	@kyk1972m-words#@kyk1972m#897.674#897.947
299	и	и	CCONJ	_	_	_	_	_	@kyk1972m-words#@kyk1972m#897.947#898.22
300	пятнадцать	пятнадцать	NUM	_	Case=Acc	_	_	_	@kyk1972m-words#@kyk1972m#898.22#898.493
301	и	и	CCONJ	_	_	_	_	_	@kyk1972m-words#@kyk1972m#898.493#898.766
302	двадцать	двадцать	NUM	_	Case=Acc	_	_	_	@kyk1972m-words#@kyk1972m#898.766#899.039
303	лет	год	NOUN	_	Animacy=Inan|Case=Gen|Gender=Masc|Number=Plur	_	_	_	@kyk1972m-words#@kyk1972m#899.039#899.312
304	назад	назад	ADV	_	_	_	_	_	@kyk1972m-words#@kyk1972m#899.312#899.59
305	и	и	CCONJ	_	_	_	_	_	@kyk1972m-words#@kyk1972m#899.59#899.959
306	в	в	ADP	_	_	_	_	_	@kyk1972m-words#@kyk1972m#899.959#900.328
307	первую	первый	ADJ	_	Animacy=Inan|Case=Acc|Gender=Fem|Number=Sing	_	_	_	@kyk1972m-words#@kyk1972m#900.328#900.697
308	очередь	очередь	NOUN	_	Animacy=Inan|Case=Acc|Gender=Fem|Number=Sing	_	_	_	@kyk1972m-words#@kyk1972m#900.697#901.066
309	то	то	SCONJ	_	_	_	_	_	@kyk1972m-words#@kyk1972m#901.066#901.435
310	кино	кино	NOUN	_	Animacy=Inan|Case=Acc|Gender=Neut|Number=Sing	_	_	_	@kyk1972m-words#@kyk1972m#901.435#901.804
311	которое	который	PRON	_	Case=Acc	_	_	_	@kyk1972m-words#@kyk1972m#901.804#902.175
312	ааа	аа	INTJ	_	_	_	_	_	@kyk1972m-words#@kyk1972m#902.175#902.985
313	извините	извинить	VERB	_	Aspect=Perf|Mood=Ind|Number=Plur|Person=2|Tense=Fut|VerbForm=Fin|Voice=Act	_	_	_	@kyk1972m-words#@kyk1972m#902.985#903.607
314	меня	я	PRON	_	Case=Acc|Number=Sing|Person=1	_	_	_	@kyk1972m-words#@kyk1972m#903.607#904.229
315	является	являться	VERB	_	Aspect=Imp|Mood=Ind|Number=Sing|Person=3|Tense=Pres|VerbForm=Fin|Voice=Mid	_	_	_	@kyk1972m-words#@kyk1972m#904.229#904.851
316	патриотическим	патриотический	ADJ	_	Case=Ins|Degree=Pos|Gender=Neut|Number=Sing	_	_	_	@kyk1972m-words#@kyk1972m#904.851#905.475
317	то	то	SCONJ	_	_	_	_	_	@kyk1972m-words#@kyk1972m#905.475#905.915
318	кино	кино	NOUN	_	Animacy=Inan|Case=Nom|Gender=Neut|Number=Sing	_	_	_	@kyk1972m-words#@kyk1972m#905.915#906.355
319	которое	который	PRON	_	Case=Acc	_	_	_	@kyk1972m-words#@kyk1972m#906.355#906.795
320	говорит	говорить	VERB	_	Aspect=Imp|Mood=Ind|Number=Sing|Person=3|Tense=Pres|VerbForm=Fin|Voice=Act	_	_	_	@kyk1972m-words#@kyk1972m#906.795#907.235
321	о	о	ADP	_	_	_	_	_	@kyk1972m-words#@kyk1972m#907.235#907.675
322	нас	мы	PRON	_	Case=Gen|Number=Plur|Person=1	_	_	_	@kyk1972m-words#@kyk1972m#907.675#908.115
323	о	о	ADP	_	_	_	_	_	@kyk1972m-words#@kyk1972m#908.115#908.48
324	нашей	наш	DET	_	Case=Loc|Gender=Fem|Number=Sing	_	_	_	@kyk1972m-words#@kyk1972m#908.48#908.845
325	стране	страна	NOUN	_	Animacy=Inan|Case=Loc|Gender=Fem|Number=Sing	_	_	_	@kyk1972m-words#@kyk1972m#908.845#909.21
326	о	о	ADP	_	_	_	_	_	@kyk1972m-words#@kyk1972m#909.725#910.181
327	том	тот	DET	_	Case=Loc|Gender=Masc|Number=Sing	_	_	_	@kyk1972m-words#@kyk1972m#910.181#910.637
328	кто	кто	PRON	_	Case=Nom	_	_	_	@kyk1972m-words#@kyk1972m#910.637#911.093
329	мы	мы	PRON	_	Case=Nom|Number=Plur|Person=1	_	_	_	@kyk1972m-words#@kyk1972m#911.093#911.549
330	есть	есть	VERB	_	Aspect=Imp|Mood=Ind|Number=Sing|Person=3|Tense=Pres|VerbForm=Fin|Voice=Act	_	_	_	@kyk1972m-words#@kyk1972m#911.549#912.005
331	и	и	PART	_	_	_	_	_	@kyk1972m-words#@kyk1972m#913.39#913.793
332	это	это	PRON	_	Animacy=Inan|Case=Nom|Gender=Neut|Number=Sing	_	_	_	@kyk1972m-words#@kyk1972m#913.793#914.196
333	важно	важный	ADJ	_	Degree=Pos|Gender=Neut|Number=Sing|Variant=Short	_	_	_	@kyk1972m-words#@kyk1972m#914.196#914.6
334	это	это	PRON	_	Animacy=Inan|Case=Nom|Gender=Neut|Number=Sing	_	_	_	@kyk1972m-words#@kyk1972m#914.81#915.14
335	может	мочь	VERB	_	Aspect=Imp|Mood=Ind|Number=Sing|Person=3|Tense=Pres|VerbForm=Fin|Voice=Act	_	_	_	@kyk1972m-words#@kyk1972m#915.14#915.47
336	относиться	относиться	VERB	_	Aspect=Perf|VerbForm=Inf|Voice=Mid	_	_	_	@kyk1972m-words#@kyk1972m#915.47#915.8
337	и	и	PART	_	_	_	_	_	@kyk1972m-words#@kyk1972m#915.8#916.13
338	к	к	ADP	_	_	_	_	_	@kyk1972m-words#@kyk1972m#916.13#916.46
339	мм	мм	INTJ	_	_	_	_	_	@kyk1972m-words#@kyk1972m#916.46#917.2
340	военной	военный	ADJ	_	Case=Dat|Degree=Pos|Gender=Fem|Number=Sing	_	_	_	@kyk1972m-words#@kyk1972m#917.605#917.986
341	тематике	тематика	NOUN	_	Animacy=Inan|Case=Dat|Gender=Fem|Number=Sing	_	_	_	@kyk1972m-words#@kyk1972m#917.986#918.367
342	и	и	CCONJ	_	_	_	_	_	@kyk1972m-words#@kyk1972m#918.367#918.748
343	к	к	ADP	_	_	_	_	_	@kyk1972m-words#@kyk1972m#918.748#919.129
344	спортивной	спортивный	ADJ	_	Case=Dat|Degree=Pos|Gender=Fem|Number=Sing	_	_	_	@kyk1972m-words#@kyk1972m#919.129#919.51
345	и	и	CCONJ	_	_	_	_	_	@kyk1972m-words#@kyk1972m#919.51#919.891
346	к	к	ADP	_	_	_	_	_	@kyk1972m-words#@kyk1972m#919.891#920.272
347	мелодраммам	мелодрамма	NOUN	_	Animacy=Inan|Case=Dat|Gender=Fem|Number=Plur	_	_	_	@kyk1972m-words#@kyk1972m#920.272#920.66
348	ко	к	ADP	_	_	_	_	_	@kyk1972m-words#@kyk1972m#920.66#921.067
349	многому	многое	NOUN	_	Animacy=Inan|Case=Dat|Gender=Neut|Number=Sing	_	_	_	@kyk1972m-words#@kyk1972m#921.067#921.474
350	ко	к	ADP	_	_	_	_	_	@kyk1972m-words#@kyk1972m#921.474#921.881
351	многому	многое	NOUN	_	Animacy=Inan|Case=Dat|Gender=Neut|Number=Sing	_	_	_	@kyk1972m-words#@kyk1972m#921.881#922.29
352	с	с	ADP	_	_	_	_	_	@kyk1972m-words#@kyk1972m#934.68#935.34
353	моей	мой	DET	_	Case=Gen|Gender=Fem|Number=Sing	_	_	_	@kyk1972m-words#@kyk1972m#935.34#936.0
354	точки	точка	NOUN	_	Animacy=Inan|Case=Gen|Gender=Fem|Number=Sing	_	_	_	@kyk1972m-words#@kyk1972m#936.0#936.66
355	зрения	зрение	NOUN	_	Animacy=Inan|Case=Gen|Gender=Neut|Number=Sing	_	_	_	@kyk1972m-words#@kyk1972m#936.66#937.32
356	Левиафан	Левиафан	PROPN	_	Animacy=Inan|Case=Nom|Gender=Masc|Number=Sing	_	_	_	@kyk1972m-words#@kyk1972m#937.32#937.98
357	фестивальное	фестивальный	ADJ	_	Case=Nom|Degree=Pos|Gender=Neut|Number=Sing	_	_	_	@kyk1972m-words#@kyk1972m#937.98#938.64
358	кино	кино	NOUN	_	Animacy=Inan|Case=Nom|Gender=Neut|Number=Sing	_	_	_	@kyk1972m-words#@kyk1972m#938.64#939.3
359	щас	сейчас	ADV	_	_	_	_	_	@kyk1972m-words#@kyk1972m#940.185#940.446
360	щас	сейчас	ADV	_	_	_	_	_	@kyk1972m-words#@kyk1972m#940.446#940.707
361	я	я	PRON	_	Case=Nom|Number=Sing|Person=1	_	_	_	@kyk1972m-words#@kyk1972m#940.707#940.968
362	Вам	вы	PRON	_	Case=Dat|Number=Plur|Person=2	_	_	_	@kyk1972m-words#@kyk1972m#940.968#941.229
363	скажу	сказать	VERB	_	Aspect=Perf|Mood=Ind|Number=Sing|Person=1|Tense=Fut|VerbForm=Fin|Voice=Act	_	_	_	@kyk1972m-words#@kyk1972m#941.229#941.49
364	фестивальное	фестивальный	ADJ	_	Case=Nom|Degree=Pos|Gender=Neut|Number=Sing	_	_	_	@kyk1972m-words#@kyk1972m#941.49#942.018
365	кино	кино	NOUN	_	Animacy=Inan|Case=Nom|Gender=Neut|Number=Sing	_	_	_	@kyk1972m-words#@kyk1972m#942.018#942.546
366	бывает	бывать	VERB	_	Aspect=Imp|Mood=Ind|Number=Sing|Person=3|Tense=Pres|VerbForm=Fin|Voice=Act	_	_	_	@kyk1972m-words#@kyk1972m#942.546#943.074
367	разное	разный	ADJ	_	Case=Nom|Degree=Pos|Gender=Neut|Number=Sing	_	_	_	@kyk1972m-words#@kyk1972m#943.074#943.602
368	фестивальное	фестивальный	ADJ	_	Case=Nom|Degree=Pos|Gender=Neut|Number=Sing	_	_	_	@kyk1972m-words#@kyk1972m#943.602#944.13
369	кино	кино	NOUN	_	Animacy=Inan|Case=Nom|Gender=Neut|Number=Sing	_	_	_	@kyk1972m-words#@kyk1972m#944.13#944.658
370	ааа	аа	INTJ	_	_	_	_	_	@kyk1972m-words#@kyk1972m#944.658#945.19
371	мне	я	PRON	_	Case=Dat|Number=Sing|Person=1	_	_	_	@kyk1972m-words#@kyk1972m#945.19#945.575
372	кажется	казаться	VERB	_	Aspect=Imp|Mood=Ind|Number=Sing|Person=3|Tense=Pres|VerbForm=Fin|Voice=Mid	_	_	_	@kyk1972m-words#@kyk1972m#945.575#945.96
373	это	это	PRON	_	Animacy=Inan|Case=Acc|Gender=Neut|Number=Sing	_	_	_	@kyk1972m-words#@kyk1972m#945.96#946.345
374	с	с	ADP	_	_	_	_	_	@kyk1972m-words#@kyk1972m#946.345#946.73
375	точки	точка	NOUN	_	Animacy=Inan|Case=Gen|Gender=Fem|Number=Sing	_	_	_	@kyk1972m-words#@kyk1972m#946.73#947.115
376	зрения	зрение	NOUN	_	Animacy=Inan|Case=Gen|Gender=Neut|Number=Sing	_	_	_	@kyk1972m-words#@kyk1972m#947.115#947.5
377	минус	минус	ADP	_	_	_	_	_	@kyk1972m-words#@kyk1972m#947.5#947.89
378	антипатриотическое	антипатриотический	ADJ	_	Case=Acc|Degree=Pos|Gender=Neut|Number=Sing	_	_	_	@kyk1972m-words#@kyk1972m#948.995#950.29
379	я	я	PRON	_	Case=Nom|Number=Sing|Person=1	_	_	_	@kyk1972m-words#@kyk1972m#950.29#950.63
380	думаю	думать	VERB	_	Aspect=Imp|Mood=Ind|Number=Sing|Person=1|Tense=Pres|VerbForm=Fin|Voice=Act	_	_	_	@kyk1972m-words#@kyk1972m#950.63#950.97
381	мне	я	PRON	_	Case=Dat|Number=Sing|Person=1	_	_	_	@kyk1972m-words#@kyk1972m#950.97#951.29
382	кажется	казаться	VERB	_	Aspect=Imp|Mood=Ind|Number=Sing|Person=3|Tense=Pres|VerbForm=Fin|Voice=Mid	_	_	_	@kyk1972m-words#@kyk1972m#951.29#951.61
383	да	да	INTJ	_	_	_	_	_	@kyk1972m-words#@kyk1972m#951.61#951.93
384	мне	я	PRON	_	Case=Dat|Number=Sing|Person=1	_	_	_	@kyk1972m-words#@kyk1972m#951.93#952.437
385	кажется	казаться	VERB	_	Aspect=Imp|Mood=Ind|Number=Sing|Person=3|Tense=Pres|VerbForm=Fin|Voice=Mid	_	_	_	@kyk1972m-words#@kyk1972m#952.437#952.944
386	да	да	INTJ	_	_	_	_	_	@kyk1972m-words#@kyk1972m#952.944#953.451
387	ааа	аа	INTJ	_	_	_	_	_	@kyk1972m-words#@kyk1972m#953.451#953.96
388	еще	еще	ADV	_	Degree=Pos	_	_	_	@kyk1972m-words#@kyk1972m#953.96#954.436
389	раз	раз	NOUN	_	Animacy=Inan|Case=Acc|Gender=Masc|Number=Sing	_	_	_	@kyk1972m-words#@kyk1972m#954.436#954.912
390	скажу	сказать	VERB	_	Aspect=Perf|Mood=Ind|Number=Sing|Person=1|Tense=Fut|VerbForm=Fin|Voice=Act	_	_	_	@kyk1972m-words#@kyk1972m#954.912#955.39
391	потому	потому	ADV	_	Degree=Pos	_	_	_	@kyk1972m-words#@kyk1972m#955.68#956.081
392	что	что	SCONJ	_	_	_	_	_	@kyk1972m-words#@kyk1972m#956.081#956.482
393	в	в	ADP	_	_	_	_	_	@kyk1972m-words#@kyk1972m#956.482#956.883
394	первую	первый	ADJ	_	Animacy=Inan|Case=Acc|Gender=Fem|Number=Sing	_	_	_	@kyk1972m-words#@kyk1972m#956.883#957.284
395	очередь	очередь	NOUN	_	Animacy=Inan|Case=Acc|Gender=Fem|Number=Sing	_	_	_	@kyk1972m-words#@kyk1972m#957.284#957.685
396	оно	оно	PRON	_	Case=Nom|Gender=Neut|Number=Sing|Person=3	_	_	_	@kyk1972m-words#@kyk1972m#957.685#958.086
397	направлено	направить	VERB	_	Aspect=Perf|Gender=Neut|Number=Sing|Tense=Past|Variant=Short|VerbForm=Part|Voice=Pass	_	_	_	@kyk1972m-words#@kyk1972m#958.086#958.487
398	не	не	PART	_	_	_	_	_	@kyk1972m-words#@kyk1972m#958.487#958.888
399	на	на	ADP	_	_	_	_	_	@kyk1972m-words#@kyk1972m#958.888#959.289
400	наш	наш	DET	_	Case=Acc|Gender=Masc|Number=Sing	_	_	_	@kyk1972m-words#@kyk1972m#959.289#959.69
401	прокат	прокат	NOUN	_	Animacy=Inan|Case=Acc|Gender=Masc|Number=Sing	_	_	_	@kyk1972m-words#@kyk1972m#959.69#960.091
402	а	а	CCONJ	_	_	_	_	_	@kyk1972m-words#@kyk1972m#960.091#960.492
403	на	на	ADP	_	_	_	_	_	@kyk1972m-words#@kyk1972m#960.492#960.893
404	фестиваль	фестиваль	NOUN	_	Animacy=Inan|Case=Acc|Gender=Masc|Number=Sing	_	_	_	@kyk1972m-words#@kyk1972m#960.893#961.3
405	ну	ну	PART	_	_	_	_	_	@kyk1972m-words#@kyk1972m#961.59#961.964
406	по	по	ADP	_	_	_	_	_	@kyk1972m-words#@kyk1972m#961.964#962.338
407	крайней	крайний	ADJ	_	Case=Dat|Degree=Pos|Gender=Fem|Number=Sing	_	_	_	@kyk1972m-words#@kyk1972m#962.338#962.712
408	мере	мера	NOUN	_	Animacy=Inan|Case=Dat|Gender=Fem|Number=Sing	_	_	_	@kyk1972m-words#@kyk1972m#962.712#963.086
409	то	то	SCONJ	_	_	_	_	_	@kyk1972m-words#@kyk1972m#963.086#963.46
410	как	как	SCONJ	_	_	_	_	_	@kyk1972m-words#@kyk1972m#963.46#963.834
411	я	я	PRON	_	Case=Nom|Number=Sing|Person=1	_	_	_	@kyk1972m-words#@kyk1972m#963.834#964.208
412	увидел	увидеть	VERB	_	Aspect=Perf|Gender=Masc|Mood=Ind|Number=Sing|Tense=Past|VerbForm=Fin|Voice=Act	_	_	_	@kyk1972m-words#@kyk1972m#964.208#964.582
413	продвижение	продвижение	NOUN	_	Animacy=Inan|Case=Acc|Gender=Neut|Number=Sing	_	_	_	@kyk1972m-words#@kyk1972m#964.582#964.956
414	этого	этот	DET	_	Case=Gen|Gender=Masc|Number=Sing	_	_	_	@kyk1972m-words#@kyk1972m#964.956#965.33
415	фильма	фильм	NOUN	_	Animacy=Inan|Case=Gen|Gender=Masc|Number=Sing	_	_	_	@kyk1972m-words#@kyk1972m#965.33#965.71
416	если	если	SCONJ	_	_	_	_	_	@kyk1972m-words#@kyk1972m#966.015#966.387
417	бы	бы	AUX	_	_	_	_	_	@kyk1972m-words#@kyk1972m#966.387#966.759
418	это	это	PRON	_	Animacy=Inan|Case=Nom|Gender=Neut|Number=Sing	_	_	_	@kyk1972m-words#@kyk1972m#966.759#967.131
419	было	быть	AUX	_	Aspect=Imp|Gender=Neut|Mood=Ind|Number=Sing|Tense=Past|VerbForm=Fin|Voice=Act	_	_	_	@kyk1972m-words#@kyk1972m#967.131#967.503
420	наооборот	наооборот	ADV	_	Degree=Pos	_	_	_	@kyk1972m-words#@kyk1972m#967.503#967.875
421	то	то	SCONJ	_	_	_	_	_	@kyk1972m-words#@kyk1972m#967.875#968.345
422	тогда	тогда	ADV	_	Degree=Pos	_	_	_	@kyk1972m-words#@kyk1972m#968.345#968.815
423	бы	бы	AUX	_	_	_	_	_	@kyk1972m-words#@kyk1972m#968.815#969.285
424	я	я	PRON	_	Case=Nom|Number=Sing|Person=1	_	_	_	@kyk1972m-words#@kyk1972m#969.285#969.755
425	сказал	сказать	VERB	_	Aspect=Perf|Gender=Masc|Mood=Ind|Number=Sing|Tense=Past|VerbForm=Fin|Voice=Act	_	_	_	@kyk1972m-words#@kyk1972m#969.755#970.225
426	да	да	INTJ	_	_	_	_	_	@kyk1972m-words#@kyk1972m#970.225#970.695
427	это	это	PRON	_	Animacy=Inan|Case=Nom|Gender=Neut|Number=Sing	_	_	_	@kyk1972m-words#@kyk1972m#972.65#973.075
428	ммм	мм	INTJ	_	_	_	_	_	@kyk1972m-words#@kyk1972m#973.075#973.5
429	прошло	пройти	VERB	_	Aspect=Perf|Gender=Neut|Mood=Ind|Number=Sing|Tense=Past|VerbForm=Fin|Voice=Act	_	_	_	@kyk1972m-words#@kyk1972m#973.5#973.931
430	через	через	ADP	_	_	_	_	_	@kyk1972m-words#@kyk1972m#973.931#974.362
431	сито	сито	NOUN	_	Animacy=Inan|Case=Acc|Gender=Neut|Number=Sing	_	_	_	@kyk1972m-words#@kyk1972m#974.362#974.793
432	наших	наш	DET	_	Case=Gen|Number=Plur	_	_	_	@kyk1972m-words#@kyk1972m#974.793#975.224
433	кинотеатров	кинотеатр	NOUN	_	Animacy=Inan|Case=Gen|Gender=Masc|Number=Plur	_	_	_	@kyk1972m-words#@kyk1972m#975.224#975.655
434	через	через	ADP	_	_	_	_	_	@kyk1972m-words#@kyk1972m#975.655#976.086
435	зрителей	зритель	NOUN	_	Animacy=Anim|Case=Gen|Gender=Masc|Number=Plur	_	_	_	@kyk1972m-words#@kyk1972m#976.086#976.517
436	и	и	CCONJ	_	_	_	_	_	@kyk1972m-words#@kyk1972m#976.517#976.948
437	это	это	PRON	_	Animacy=Inan|Case=Nom|Gender=Neut|Number=Sing	_	_	_	@kyk1972m-words#@kyk1972m#976.948#977.379
438	вышло	выйти	VERB	_	Aspect=Perf|Gender=Neut|Mood=Ind|Number=Sing|Tense=Past|VerbForm=Fin|Voice=Act	_	_	_	@kyk1972m-words#@kyk1972m#977.379#977.81
439	на	на	ADP	_	_	_	_	_	@kyk1972m-words#@kyk1972m#977.81#978.241
440	экраны	экран	NOUN	_	Animacy=Inan|Case=Acc|Gender=Masc|Number=Plur	_	_	_	@kyk1972m-words#@kyk1972m#978.241#978.68
441	другой	другой	ADJ	_	Case=Nom|Degree=Pos|Gender=Masc|Number=Sing	_	_	_	@kyk1972m-words#@kyk1972m#979.715#980.051
442	немножко	немножко	ADV	_	Degree=Pos	_	_	_	@kyk1972m-words#@kyk1972m#980.051#980.387
443	подход	подход	NOUN	_	Animacy=Inan|Case=Nom|Gender=Masc|Number=Sing	_	_	_	@kyk1972m-words#@kyk1972m#980.387#980.725
444	нет	нет	INTJ	_	_	_	_	_	@kyk1972m-words#@kyk1972m#993.695#994.089
445	нет	нет	INTJ	_	_	_	_	_	@kyk1972m-words#@kyk1972m#994.089#994.483
446	нет	нет	INTJ	_	_	_	_	_	@kyk1972m-words#@kyk1972m#994.483#994.877
447	конечно	конечно	INTJ	_	Degree=Pos	_	_	_	@kyk1972m-words#@kyk1972m#994.877#995.271
448	нет	нет	INTJ	_	_	_	_	_	@kyk1972m-words#@kyk1972m#995.271#995.665
449	конечно	конечно	INTJ	_	Degree=Pos	_	_	_	@kyk1972m-words#@kyk1972m#995.665#995.827
450	нет	нет	INTJ	_	_	_	_	_	@kyk1972m-words#@kyk1972m#995.827#995.99
451	оно	оно	PRON	_	Case=Nom|Gender=Neut|Number=Sing|Person=3	_	_	_	@kyk1972m-words#@kyk1972m#995.99#996.262
452	кино	кино	NOUN	_	Animacy=Inan|Case=Acc|Gender=Neut|Number=Sing	_	_	_	@kyk1972m-words#@kyk1972m#996.262#996.534
453	и	и	CCONJ	_	_	_	_	_	@kyk1972m-words#@kyk1972m#996.534#996.806
454	с	с	ADP	_	_	_	_	_	@kyk1972m-words#@kyk1972m#996.806#997.078
455	болью	боль	NOUN	_	Animacy=Inan|Case=Ins|Gender=Fem|Number=Sing	_	_	_	@kyk1972m-words#@kyk1972m#997.078#997.35
456	оно	оно	PRON	_	Case=Nom|Gender=Neut|Number=Sing|Person=3	_	_	_	@kyk1972m-words#@kyk1972m#997.35#997.622
457	кино	кино	NOUN	_	Animacy=Inan|Case=Acc|Gender=Neut|Number=Sing	_	_	_	@kyk1972m-words#@kyk1972m#997.622#997.894
458	и	и	CCONJ	_	_	_	_	_	@kyk1972m-words#@kyk1972m#997.894#998.166
459	с	с	ADP	_	_	_	_	_	@kyk1972m-words#@kyk1972m#998.166#998.438
460	эээ	эээ	INTJ	_	_	_	_	_	@kyk1972m-words#@kyk1972m#998.438#998.71
461	но	но	CCONJ	_	_	_	_	_	@kyk1972m-words#@kyk1972m#998.99#999.412
462	это	это	DET	_	Case=Nom|Gender=Neut|Number=Sing	_	_	_	@kyk1972m-words#@kyk1972m#999.412#999.834
463	кино	кино	NOUN	_	Animacy=Inan|Case=Nom|Gender=Neut|Number=Sing	_	_	_	@kyk1972m-words#@kyk1972m#999.834#1000.256
464	созидательное	созидательный	ADJ	_	Case=Nom|Degree=Pos|Gender=Neut|Number=Sing	_	_	_	@kyk1972m-words#@kyk1972m#1000.256#1000.678
465	все-таки	все-таки	ADV	_	_	_	_	_	@kyk1972m-words#@kyk1972m#1000.678#1001.1
466	мне	я	PRON	_	Case=Dat|Number=Sing|Person=1	_	_	_	@kyk1972m-words#@kyk1972m#1001.1#1001.522
467	кажется	казаться	VERB	_	Aspect=Imp|Mood=Ind|Number=Sing|Person=3|Tense=Pres|VerbForm=Fin|Voice=Mid	_	_	_	@kyk1972m-words#@kyk1972m#1001.522#1001.944
468	в	в	ADP	_	_	_	_	_	@kyk1972m-words#@kyk1972m#1001.944#1002.366
469	первую	первый	ADJ	_	Animacy=Inan|Case=Acc|Gender=Fem|Number=Sing	_	_	_	@kyk1972m-words#@kyk1972m#1002.366#1002.788
470	очередь	очередь	NOUN	_	Animacy=Inan|Case=Acc|Gender=Fem|Number=Sing	_	_	_	@kyk1972m-words#@kyk1972m#1002.788#1003.21
471	созидательное	созидательный	ADJ	_	Case=Nom|Degree=Pos|Gender=Neut|Number=Sing	_	_	_	@kyk1972m-words#@kyk1972m#1003.21#1003.632
472	при	при	ADP	_	_	_	_	_	@kyk1972m-words#@kyk1972m#1003.632#1004.054
473	любом	любой	DET	_	Case=Loc|Gender=Masc|Number=Sing	_	_	_	@kyk1972m-words#@kyk1972m#1004.054#1004.476
474	финале	финал	NOUN	_	Animacy=Inan|Case=Loc|Gender=Masc|Number=Sing	_	_	_	@kyk1972m-words#@kyk1972m#1004.476#1004.9
475	ну	ну	PART	_	_	_	_	_	@kyk1972m-words#@kyk1972m#1017.57#1017.938
476	так	так	ADV	_	Degree=Pos	_	_	_	@kyk1972m-words#@kyk1972m#1017.938#1018.306
477	написано	написать	VERB	_	Aspect=Perf|Gender=Neut|Number=Sing|Tense=Past|Variant=Short|VerbForm=Part|Voice=Pass	_	_	_	@kyk1972m-words#@kyk1972m#1018.306#1018.674
478	в	в	ADP	_	_	_	_	_	@kyk1972m-words#@kyk1972m#1018.674#1019.042
479	титрах	титры	NOUN	_	Animacy=Inan|Case=Loc|Gender=Masc|Number=Plur	_	_	_	@kyk1972m-words#@kyk1972m#1019.042#1019.41
480	это	это	PRON	_	Animacy=Inan|Case=Nom|Gender=Neut|Number=Sing	_	_	_	@kyk1972m-words#@kyk1972m#1019.41#1019.778
481	вопрос	вопрос	NOUN	_	Animacy=Inan|Case=Nom|Gender=Masc|Number=Sing	_	_	_	@kyk1972m-words#@kyk1972m#1019.778#1020.146
482	к	к	ADP	_	_	_	_	_	@kyk1972m-words#@kyk1972m#1020.146#1020.514
483	продюссерам	продюссер	NOUN	_	Animacy=Anim|Case=Dat|Gender=Masc|Number=Plur	_	_	_	@kyk1972m-words#@kyk1972m#1020.514#1020.89
484	это	это	PRON	_	Animacy=Inan|Case=Nom|Gender=Neut|Number=Sing	_	_	_	@kyk1972m-words#@kyk1972m#1022.095#1022.356
485	вопрос	вопрос	NOUN	_	Animacy=Inan|Case=Nom|Gender=Masc|Number=Sing	_	_	_	@kyk1972m-words#@kyk1972m#1022.356#1022.617
486	к	к	ADP	_	_	_	_	_	@kyk1972m-words#@kyk1972m#1022.617#1022.878
487	продюссерам	продюссер	NOUN	_	Animacy=Anim|Case=Dat|Gender=Masc|Number=Plur	_	_	_	@kyk1972m-words#@kyk1972m#1022.878#1023.14
488	в	в	ADP	_	_	_	_	_	@kyk1972m-words#@kyk1972m#1023.14#1023.52
489	превую	превой	ADJ	_	Case=Acc|Degree=Pos|Gender=Fem|Number=Sing	_	_	_	@kyk1972m-words#@kyk1972m#1023.52#1023.9
490	очередь	очередь	NOUN	_	Animacy=Inan|Case=Acc|Gender=Fem|Number=Sing	_	_	_	@kyk1972m-words#@kyk1972m#1023.9#1024.28
491	автор	автор	NOUN	_	Animacy=Anim|Case=Nom|Gender=Masc|Number=Sing	_	_	_	@kyk1972m-words#@kyk1972m#1024.28#1025.295
492	идеи	идея	NOUN	_	Animacy=Inan|Case=Gen|Gender=Fem|Number=Sing	_	_	_	@kyk1972m-words#@kyk1972m#1025.295#1026.31
493	фильм	фильм	NOUN	_	Animacy=Anim|Case=Gen|Gender=Fem|Number=Sing	_	_	_	@kyk1972m-words#@kyk1972m#1027.5#1027.878
494	а	а	CCONJ	_	_	_	_	_	@kyk1972m-words#@kyk1972m#1027.878#1028.256
495	точнее	точно	ADV	_	Degree=Cmp	_	_	_	@kyk1972m-words#@kyk1972m#1028.256#1028.634
496	не	не	PART	_	_	_	_	_	@kyk1972m-words#@kyk1972m#1028.634#1029.012
497	фильм	фильм	NOUN	_	Animacy=Inan|Case=Nom|Gender=Masc|Number=Sing	_	_	_	@kyk1972m-words#@kyk1972m#1029.012#1029.39
498	щас	сейчас	ADV	_	_	_	_	_	@kyk1972m-words#@kyk1972m#1030.8#1031.126
499	я	я	PRON	_	Case=Nom|Number=Sing|Person=1	_	_	_	@kyk1972m-words#@kyk1972m#1031.126#1031.452
500	ск	ск	X	_	_	_	_	_	@kyk1972m-words#@kyk1972m#1031.452#1031.778
501	щас	сейчас	ADV	_	_	_	_	_	@kyk1972m-words#@kyk1972m#1031.778#1032.104
502	я	я	PRON	_	Case=Nom|Number=Sing|Person=1	_	_	_	@kyk1972m-words#@kyk1972m#1032.104#1032.43
503	попробую	пробовать	VERB	_	Aspect=Perf|Mood=Ind|Number=Sing|Person=1|Tense=Fut|VerbForm=Fin|Voice=Act	_	_	_	@kyk1972m-words#@kyk1972m#1032.43#1032.756
504	ответить	ответить	VERB	_	Aspect=Perf|VerbForm=Inf|Voice=Act	_	_	_	@kyk1972m-words#@kyk1972m#1032.756#1033.082
505	спокойно	спокойно	ADV	_	Degree=Pos	_	_	_	@kyk1972m-words#@kyk1972m#1033.082#1033.41
506	эээ	эээ	INTJ	_	_	_	_	_	@kyk1972m-words#@kyk1972m#1033.41#1034.09
507	сама	сам	ADJ	_	Case=Nom|Degree=Pos|Gender=Fem|Number=Sing	_	_	_	@kyk1972m-words#@kyk1972m#1034.09#1035.1
508	идея	идея	NOUN	_	Animacy=Inan|Case=Nom|Gender=Fem|Number=Sing	_	_	_	@kyk1972m-words#@kyk1972m#1035.39#1036.223
509	и	и	CCONJ	_	_	_	_	_	@kyk1972m-words#@kyk1972m#1036.223#1037.056
510	сценарии	сценарий	NOUN	_	Animacy=Inan|Case=Acc|Gender=Masc|Number=Plur	_	_	_	@kyk1972m-words#@kyk1972m#1037.056#1037.89
511	в	в	ADP	_	_	_	_	_	@kyk1972m-words#@kyk1972m#1038.435#1038.856
512	разных	разный	ADJ	_	Case=Loc|Degree=Pos|Number=Plur	_	_	_	@kyk1972m-words#@kyk1972m#1038.856#1039.277
513	вариантах	вариант	NOUN	_	Animacy=Inan|Case=Loc|Gender=Masc|Number=Plur	_	_	_	@kyk1972m-words#@kyk1972m#1039.277#1039.7
514	я	я	PRON	_	Case=Nom|Number=Sing|Person=1	_	_	_	@kyk1972m-words#@kyk1972m#1039.7#1040.119
515	читал	читать	VERB	_	Aspect=Imp|Gender=Masc|Mood=Ind|Number=Sing|Tense=Past|VerbForm=Fin|Voice=Act	_	_	_	@kyk1972m-words#@kyk1972m#1040.119#1040.538
516	наверное	наверное	ADV	_	_	_	_	_	@kyk1972m-words#@kyk1972m#1040.538#1040.957
517	их	их	DET	_	_	_	_	_	@kyk1972m-words#@kyk1972m#1040.957#1041.376
518	лет	год	NOUN	_	Animacy=Inan|Case=Gen|Gender=Masc|Number=Plur	_	_	_	@kyk1972m-words#@kyk1972m#1041.376#1041.795
519	года	год	NOUN	_	Animacy=Inan|Case=Gen|Gender=Masc|Number=Sing	_	_	_	@kyk1972m-words#@kyk1972m#1041.795#1042.214
520	четыре	четыре	NUM	_	Animacy=Inan|Case=Acc	_	_	_	@kyk1972m-words#@kyk1972m#1042.214#1042.633
521	назад	назад	ADV	_	Degree=Pos	_	_	_	@kyk1972m-words#@kyk1972m#1042.633#1043.055
522	один	один	NUM	_	Animacy=Inan|Case=Acc|Gender=Masc	_	_	_	@kyk1972m-words#@kyk1972m#1043.055#1043.603
523	из	из	ADP	_	_	_	_	_	@kyk1972m-words#@kyk1972m#1043.603#1044.151
524	вариантов	вариант	NOUN	_	Animacy=Inan|Case=Gen|Gender=Masc|Number=Plur	_	_	_	@kyk1972m-words#@kyk1972m#1044.151#1044.7
525	аа	ао	INTJ	_	_	_	_	_	@kyk1972m-words#@kyk1972m#1044.7#1045.187
526	тогда	тогда	ADV	_	Degree=Pos	_	_	_	@kyk1972m-words#@kyk1972m#1045.187#1045.674
527	я	я	PRON	_	Case=Nom|Number=Sing|Person=1	_	_	_	@kyk1972m-words#@kyk1972m#1045.674#1046.161
528	прошел	пройти	VERB	_	Aspect=Perf|Gender=Masc|Mood=Ind|Number=Sing|Tense=Past|VerbForm=Fin|Voice=Act	_	_	_	@kyk1972m-words#@kyk1972m#1046.161#1046.648
529	мимо	мимо	ADP	_	_	_	_	_	@kyk1972m-words#@kyk1972m#1046.648#1047.135
530	этой	этот	DET	_	Case=Gen|Gender=Fem|Number=Sing	_	_	_	@kyk1972m-words#@kyk1972m#1047.135#1047.622
531	истории	история	NOUN	_	Animacy=Inan|Case=Gen|Gender=Fem|Number=Sing	_	_	_	@kyk1972m-words#@kyk1972m#1047.622#1048.11
532	потом	потом	ADV	_	_	_	_	_	@kyk1972m-words#@kyk1972m#1048.11#1048.456
533	года	год	NOUN	_	Animacy=Inan|Case=Gen|Gender=Masc|Number=Sing	_	_	_	@kyk1972m-words#@kyk1972m#1048.456#1048.802
534	через	через	ADP	_	_	_	_	_	@kyk1972m-words#@kyk1972m#1048.802#1049.148
535	два	два	NUM	_	Animacy=Inan|Case=Acc|Gender=Masc	_	_	_	@kyk1972m-words#@kyk1972m#1049.148#1049.494
536	к	к	ADP	_	_	_	_	_	@kyk1972m-words#@kyk1972m#1049.494#1049.84
537	ээ	ээ	INTJ	_	_	_	_	_	@kyk1972m-words#@kyk1972m#1049.84#1050.186
538	он	он	PRON	_	Case=Nom|Gender=Masc|Number=Sing|Person=3	_	_	_	@kyk1972m-words#@kyk1972m#1050.186#1050.532
539	ко	к	ADP	_	_	_	_	_	@kyk1972m-words#@kyk1972m#1050.532#1050.878
540	мне	я	PRON	_	Case=Dat|Number=Sing|Person=1	_	_	_	@kyk1972m-words#@kyk1972m#1050.878#1051.224
541	вернулся	вернуться	VERB	_	Aspect=Perf|Gender=Masc|Mood=Ind|Number=Sing|Tense=Past|VerbForm=Fin|Voice=Mid	_	_	_	@kyk1972m-words#@kyk1972m#1051.224#1051.57
542	уже	уже	ADV	_	Degree=Pos	_	_	_	@kyk1972m-words#@kyk1972m#1051.57#1051.916
543	по-моему	по-моему	ADV	_	Degree=Pos	_	_	_	@kyk1972m-words#@kyk1972m#1051.916#1052.262
544	аа	а	NOUN	_	Animacy=Inan|Case=Gen|Gender=Masc|Number=Sing	_	_	_	@kyk1972m-words#@kyk1972m#1052.262#1052.608
545	другой	другой	ADJ	_	Case=Nom|Degree=Pos|Gender=Masc|Number=Sing	_	_	_	@kyk1972m-words#@kyk1972m#1052.608#1052.954
546	был	быть	AUX	_	Aspect=Imp|Gender=Masc|Mood=Ind|Number=Sing|Tense=Past|VerbForm=Fin|Voice=Act	_	_	_	@kyk1972m-words#@kyk1972m#1052.954#1053.3
547	автор	автор	NOUN	_	Animacy=Anim|Case=Nom|Gender=Masc|Number=Sing	_	_	_	@kyk1972m-words#@kyk1972m#1053.3#1053.646
548	сценария	сценарий	NOUN	_	Animacy=Inan|Case=Gen|Gender=Masc|Number=Sing	_	_	_	@kyk1972m-words#@kyk1972m#1053.646#1053.992
549	не	не	PART	_	_	_	_	_	@kyk1972m-words#@kyk1972m#1053.992#1054.338
550	по-моему	по-моему	ADV	_	_	_	_	_	@kyk1972m-words#@kyk1972m#1054.338#1054.684
551	а	а	CCONJ	_	_	_	_	_	@kyk1972m-words#@kyk1972m#1054.684#1055.03
552	точно	точно	ADV	_	Degree=Pos	_	_	_	@kyk1972m-words#@kyk1972m#1055.03#1055.39
553	мм	мм	INTJ	_	_	_	_	_	@kyk1972m-words#@kyk1972m#1056.49#1056.975
554	мне	я	PRON	_	Case=Dat|Number=Sing|Person=1	_	_	_	@kyk1972m-words#@kyk1972m#1056.975#1057.46
555	показалось	казаться	VERB	_	Aspect=Perf|Gender=Neut|Mood=Ind|Number=Sing|Tense=Past|VerbForm=Fin|Voice=Mid	_	_	_	@kyk1972m-words#@kyk1972m#1057.46#1057.945
556	что	что	SCONJ	_	_	_	_	_	@kyk1972m-words#@kyk1972m#1057.945#1058.43
557	это	это	PRON	_	Animacy=Inan|Case=Nom|Gender=Neut|Number=Sing	_	_	_	@kyk1972m-words#@kyk1972m#1058.43#1058.915
558	симпатичная	симпатичный	ADJ	_	Case=Nom|Degree=Pos|Gender=Fem|Number=Sing	_	_	_	@kyk1972m-words#@kyk1972m#1058.915#1059.4
559	детективная	детективный	ADJ	_	Case=Nom|Degree=Pos|Gender=Fem|Number=Sing	_	_	_	@kyk1972m-words#@kyk1972m#1059.4#1060.267
560	история	история	NOUN	_	Animacy=Inan|Case=Nom|Gender=Fem|Number=Sing	_	_	_	@kyk1972m-words#@kyk1972m#1060.267#1061.135
561	про	про	ADP	_	_	_	_	_	@kyk1972m-words#@kyk1972m#1061.135#1061.745
562	ааа	аа	INTJ	_	_	_	_	_	@kyk1972m-words#@kyk1972m#1061.745#1062.355
563	жизнь	жизнь	NOUN	_	Animacy=Inan|Case=Nom|Gender=Fem|Number=Sing	_	_	_	@kyk1972m-words#@kyk1972m#1062.355#1062.965
564	заключенных	заключенный	NOUN	_	Animacy=Anim|Case=Gen|Gender=Masc|Number=Plur	_	_	_	@kyk1972m-words#@kyk1972m#1062.965#1063.575
565	и	и	CCONJ	_	_	_	_	_	@kyk1972m-words#@kyk1972m#1063.575#1064.185
566	про	про	ADP	_	_	_	_	_	@kyk1972m-words#@kyk1972m#1064.185#1064.795
567	побег	побег	NOUN	_	Animacy=Inan|Case=Acc|Gender=Masc|Number=Sing	_	_	_	@kyk1972m-words#@kyk1972m#1064.795#1065.405
568	ааа	аа	INTJ	_	_	_	_	_	@kyk1972m-words#@kyk1972m#1066.495#1067.335
569	потом	потом	ADV	_	Degree=Pos	_	_	_	@kyk1972m-words#@kyk1972m#1067.335#1067.765
570	когда	когда	SCONJ	_	_	_	_	_	@kyk1972m-words#@kyk1972m#1067.765#1068.195
571	я	я	PRON	_	Case=Nom|Number=Sing|Person=1	_	_	_	@kyk1972m-words#@kyk1972m#1068.195#1068.625
572	уже	уже	ADV	_	Degree=Pos	_	_	_	@kyk1972m-words#@kyk1972m#1068.625#1069.055
573	взялся	взяться	VERB	_	Aspect=Perf|Gender=Masc|Mood=Ind|Number=Sing|Tense=Past|VerbForm=Fin|Voice=Mid	_	_	_	@kyk1972m-words#@kyk1972m#1069.055#1069.485
574	за	за	ADP	_	_	_	_	_	@kyk1972m-words#@kyk1972m#1069.485#1069.915
575	эту	этот	DET	_	Case=Acc|Gender=Fem|Number=Sing	_	_	_	@kyk1972m-words#@kyk1972m#1069.915#1070.345
576	историю	история	NOUN	_	Animacy=Inan|Case=Acc|Gender=Fem|Number=Sing	_	_	_	@kyk1972m-words#@kyk1972m#1070.345#1070.775
577	с	с	ADP	_	_	_	_	_	@kyk1972m-words#@kyk1972m#1070.775#1071.205
578	точки	точка	NOUN	_	Animacy=Inan|Case=Gen|Gender=Fem|Number=Sing	_	_	_	@kyk1972m-words#@kyk1972m#1071.205#1071.635
579	зрения	зрение	NOUN	_	Animacy=Inan|Case=Gen|Gender=Neut|Number=Sing	_	_	_	@kyk1972m-words#@kyk1972m#1071.635#1072.065
580	ааа	аа	INTJ	_	_	_	_	_	@kyk1972m-words#@kyk1972m#1072.065#1072.505
581	режиссера	режиссер	NOUN	_	Animacy=Anim|Case=Gen|Gender=Masc|Number=Sing	_	_	_	@kyk1972m-words#@kyk1972m#1072.715#1074.0
582	у	у	ADP	_	_	_	_	_	@kyk1972m-words#@kyk1972m#1074.0#1074.425
583	меня	я	PRON	_	Case=Gen|Number=Sing|Person=1	_	_	_	@kyk1972m-words#@kyk1972m#1074.425#1074.85
584	лежало	лежать	VERB	_	Aspect=Imp|Gender=Neut|Mood=Ind|Number=Sing|Tense=Past|VerbForm=Fin|Voice=Act	_	_	_	@kyk1972m-words#@kyk1972m#1074.85#1075.275
585	три	три	NUM	_	Case=Nom	_	_	_	@kyk1972m-words#@kyk1972m#1075.275#1075.7
586	или	или	CCONJ	_	_	_	_	_	@kyk1972m-words#@kyk1972m#1075.7#1076.125
587	четыре	четыре	NUM	_	Case=Nom	_	_	_	@kyk1972m-words#@kyk1972m#1076.125#1076.55
588	варианта	вариант	NOUN	_	Animacy=Inan|Case=Gen|Gender=Masc|Number=Sing	_	_	_	@kyk1972m-words#@kyk1972m#1076.55#1076.975
589	сценария	сценарий	NOUN	_	Animacy=Inan|Case=Gen|Gender=Masc|Number=Sing	_	_	_	@kyk1972m-words#@kyk1972m#1076.975#1077.4
590	из	из	ADP	_	_	_	_	_	@kyk1972m-words#@kyk1972m#1078.1#1078.525
591	которых	который	PRON	_	Case=Gen	_	_	_	@kyk1972m-words#@kyk1972m#1078.525#1078.95
592	нужно	нужный	ADJ	_	Degree=Pos|Gender=Neut|Number=Sing|Variant=Short	_	_	_	@kyk1972m-words#@kyk1972m#1078.95#1079.375
593	было	быть	AUX	_	Aspect=Imp|Gender=Neut|Mood=Ind|Number=Sing|Tense=Past|VerbForm=Fin|Voice=Act	_	_	_	@kyk1972m-words#@kyk1972m#1079.375#1079.8
594	сделать	делать	VERB	_	Aspect=Perf|VerbForm=Inf|Voice=Act	_	_	_	@kyk1972m-words#@kyk1972m#1079.8#1080.225
595	какой-то	какой-то	DET	_	Case=Acc|Gender=Masc|Number=Sing	_	_	_	@kyk1972m-words#@kyk1972m#1080.225#1080.65
596	свой	свой	DET	_	Case=Acc|Gender=Masc|Number=Sing	_	_	_	@kyk1972m-words#@kyk1972m#1080.65#1081.075
597	вариант	вариант	NOUN	_	Animacy=Inan|Case=Acc|Gender=Masc|Number=Sing	_	_	_	@kyk1972m-words#@kyk1972m#1081.075#1081.5
598	я	я	PRON	_	Case=Nom|Number=Sing|Person=1	_	_	_	@kyk1972m-words#@kyk1972m#1082.015#1082.478
599	начал	начать	VERB	_	Aspect=Perf|Gender=Masc|Mood=Ind|Number=Sing|Tense=Past|VerbForm=Fin|Voice=Act	_	_	_	@kyk1972m-words#@kyk1972m#1082.478#1082.941
600	делать	делать	VERB	_	Aspect=Imp|VerbForm=Inf|Voice=Act	_	_	_	@kyk1972m-words#@kyk1972m#1082.941#1083.405
601	эта	этот	DET	_	Case=Nom|Gender=Fem|Number=Sing	_	_	_	@kyk1972m-words#@kyk1972m#1083.705#1084.338
602	история	история	NOUN	_	Animacy=Inan|Case=Nom|Gender=Fem|Number=Sing	_	_	_	@kyk1972m-words#@kyk1972m#1084.338#1084.971
603	связанная	связать	VERB	_	Aspect=Perf|Case=Nom|Gender=Fem|Number=Sing|Tense=Past|VerbForm=Part|Voice=Pass	_	_	_	@kyk1972m-words#@kyk1972m#1084.971#1085.604
604	не	не	PART	_	_	_	_	_	@kyk1972m-words#@kyk1972m#1085.604#1086.237
605	с	с	ADP	_	_	_	_	_	@kyk1972m-words#@kyk1972m#1086.237#1086.87
606	идеей	идея	NOUN	_	Animacy=Inan|Case=Ins|Gender=Fem|Number=Sing	_	_	_	@kyk1972m-words#@kyk1972m#1086.87#1087.503
607	давайте	давать	VERB	_	Aspect=Imp|Mood=Imp|Number=Plur|Person=2|VerbForm=Fin|Voice=Act	_	_	_	@kyk1972m-words#@kyk1972m#1087.503#1088.136
608	снимим	снимить	VERB	_	Aspect=Perf|Mood=Ind|Number=Plur|Person=1|Tense=Fut|VerbForm=Fin|Voice=Act	_	_	_	@kyk1972m-words#@kyk1972m#1088.136#1088.769
609	фильм	фильм	NOUN	_	Animacy=Inan|Case=Acc|Gender=Masc|Number=Sing	_	_	_	@kyk1972m-words#@kyk1972m#1088.769#1089.405
610	а	а	CCONJ	_	_	_	_	_	@kyk1972m-words#@kyk1972m#1089.72#1090.176
611	с	с	ADP	_	_	_	_	_	@kyk1972m-words#@kyk1972m#1090.176#1090.632
612	эээ	эээ	INTJ	_	_	_	_	_	@kyk1972m-words#@kyk1972m#1090.632#1091.09
613	замыслом	замысль	NOUN	_	Animacy=Inan|Case=Ins|Gender=Masc|Number=Sing	_	_	_	@kyk1972m-words#@kyk1972m#1091.17#1091.605
614	о	о	ADP	_	_	_	_	_	@kyk1972m-words#@kyk1972m#1091.605#1092.04
615	чем	что	PRON	_	Case=Loc	_	_	_	@kyk1972m-words#@kyk1972m#1092.04#1092.475
616	должен	должен	ADJ	_	Degree=Pos|Gender=Masc|Number=Sing|Variant=Short	_	_	_	@kyk1972m-words#@kyk1972m#1092.475#1092.91
617	быть	быть	AUX	_	Aspect=Imp|VerbForm=Inf|Voice=Act	_	_	_	@kyk1972m-words#@kyk1972m#1092.91#1093.345
618	этот	этот	DET	_	Case=Nom|Gender=Masc|Number=Sing	_	_	_	@kyk1972m-words#@kyk1972m#1093.345#1093.78
619	фильм	фильм	NOUN	_	Animacy=Inan|Case=Nom|Gender=Masc|Number=Sing	_	_	_	@kyk1972m-words#@kyk1972m#1093.78#1094.215
620	ии	и	CCONJ	_	_	_	_	_	@kyk1972m-words#@kyk1972m#1094.215#1094.65
621	как	как	SCONJ	_	_	_	_	_	@kyk1972m-words#@kyk1972m#1094.65#1095.085
622	он	он	PRON	_	Case=Nom|Gender=Masc|Number=Sing|Person=3	_	_	_	@kyk1972m-words#@kyk1972m#1095.085#1095.52
623	должен	должен	ADJ	_	Degree=Pos|Gender=Masc|Number=Sing|Variant=Short	_	_	_	@kyk1972m-words#@kyk1972m#1095.52#1095.955
624	воздействовать	воздействовать	VERB	_	Aspect=Imp|VerbForm=Inf|Voice=Act	_	_	_	@kyk1972m-words#@kyk1972m#1095.955#1096.4
625	разные	разный	ADJ	_	Animacy=Inan|Case=Nom|Degree=Pos|Number=Plur	_	_	_	@kyk1972m-words#@kyk1972m#1097.51#1098.255
626	вещи	вещи	NOUN	_	Animacy=Inan|Case=Nom|Gender=Fem|Number=Plur	_	_	_	@kyk1972m-words#@kyk1972m#1098.255#1098.855
627	?	?	PUNCT	_	_	_	_	_	@kyk1972m-words#@kyk1972m#1098.855#1099.0
628	разные	разный	ADJ	_	Animacy=Inan|Case=Acc|Degree=Pos|Number=Plur	_	_	_	@kyk1972m-words#@kyk1972m#1099.68#1100.68
629	да	да	INTJ	_	_	_	_	_	@kyk1972m-words#@kyk1972m#1107.385#1107.891
630	это	это	PRON	_	Animacy=Inan|Case=Nom|Gender=Neut|Number=Sing	_	_	_	@kyk1972m-words#@kyk1972m#1107.891#1108.397
631	было	быть	AUX	_	Aspect=Imp|Gender=Neut|Mood=Ind|Number=Sing|Tense=Past|VerbForm=Fin|Voice=Act	_	_	_	@kyk1972m-words#@kyk1972m#1108.397#1108.905
632	ничего	ничто	PRON	_	Case=Gen	_	_	_	@kyk1972m-words#@kyk1972m#1110.19#1111.22
633	ну	ну	INTJ	_	_	_	_	_	@kyk1972m-words#@kyk1972m#1147.38#1147.771
634	я	я	PRON	_	Case=Nom|Number=Sing|Person=1	_	_	_	@kyk1972m-words#@kyk1972m#1147.771#1148.162
635	сначала	сначала	ADV	_	Degree=Pos	_	_	_	@kyk1972m-words#@kyk1972m#1148.162#1148.553
636	отшучивался	отшучиваться	VERB	_	Aspect=Imp|Gender=Masc|Mood=Ind|Number=Sing|Tense=Past|VerbForm=Fin|Voice=Mid	_	_	_	@kyk1972m-words#@kyk1972m#1148.553#1148.944
637	что	что	SCONJ	_	_	_	_	_	@kyk1972m-words#@kyk1972m#1148.944#1149.335
638	не	не	PART	_	_	_	_	_	@kyk1972m-words#@kyk1972m#1149.335#1149.726
639	предложили	предложить	VERB	_	Aspect=Perf|Mood=Ind|Number=Plur|Tense=Past|VerbForm=Fin|Voice=Act	_	_	_	@kyk1972m-words#@kyk1972m#1149.726#1150.117
640	на	на	ADP	_	_	_	_	_	@kyk1972m-words#@kyk1972m#1150.117#1150.508
641	тот	тот	DET	_	Case=Acc|Gender=Masc|Number=Sing	_	_	_	@kyk1972m-words#@kyk1972m#1150.508#1150.899
642	момент	момент	NOUN	_	Animacy=Inan|Case=Acc|Gender=Masc|Number=Sing	_	_	_	@kyk1972m-words#@kyk1972m#1150.899#1151.29
643	комедии	комедия	NOUN	_	Animacy=Inan|Case=Gen|Gender=Fem|Number=Sing	_	_	_	@kyk1972m-words#@kyk1972m#1151.29#1151.681
644	да	да	INTJ	_	_	_	_	_	@kyk1972m-words#@kyk1972m#1151.681#1152.0
645	?	?	PUNCT	_	_	_	_	_	@kyk1972m-words#@kyk1972m#1152.0#1152.075
646	но	но	CCONJ	_	_	_	_	_	@kyk1972m-words#@kyk1972m#1152.075#1152.539
647	эээ	эээ	INTJ	_	_	_	_	_	@kyk1972m-words#@kyk1972m#1152.539#1153.003
648	это	это	PRON	_	Animacy=Inan|Case=Nom|Gender=Neut|Number=Sing	_	_	_	@kyk1972m-words#@kyk1972m#1153.003#1153.467
649	все	весь	DET	_	Case=Nom|Gender=Neut|Number=Sing	_	_	_	@kyk1972m-words#@kyk1972m#1153.467#1153.931
650	шутки	шуток	NOUN	_	Animacy=Inan|Case=Nom|Gender=Fem|Number=Plur	_	_	_	@kyk1972m-words#@kyk1972m#1153.931#1154.395
651	на	на	ADP	_	_	_	_	_	@kyk1972m-words#@kyk1972m#1154.43#1154.803
652	самом	самый	ADJ	_	Case=Loc|Degree=Pos|Gender=Neut|Number=Sing	_	_	_	@kyk1972m-words#@kyk1972m#1154.803#1155.176
653	деле	дело	NOUN	_	Animacy=Inan|Case=Loc|Gender=Neut|Number=Sing	_	_	_	@kyk1972m-words#@kyk1972m#1155.176#1155.549
654	и	и	CCONJ	_	_	_	_	_	@kyk1972m-words#@kyk1972m#1155.549#1155.922
655	слава	слава	NOUN	_	Animacy=Inan|Case=Nom|Gender=Fem|Number=Sing	_	_	_	@kyk1972m-words#@kyk1972m#1155.922#1156.295
656	богу	бог	NOUN	_	Animacy=Anim|Case=Dat|Gender=Masc|Number=Sing	_	_	_	@kyk1972m-words#@kyk1972m#1156.295#1156.668
657	что	что	SCONJ	_	_	_	_	_	@kyk1972m-words#@kyk1972m#1156.668#1157.041
658	не	не	PART	_	_	_	_	_	@kyk1972m-words#@kyk1972m#1157.041#1157.414
659	предложили	предложить	VERB	_	Aspect=Perf|Mood=Ind|Number=Plur|Tense=Past|VerbForm=Fin|Voice=Act	_	_	_	@kyk1972m-words#@kyk1972m#1157.414#1157.787
660	комедию	комедия	NOUN	_	Animacy=Inan|Case=Acc|Gender=Fem|Number=Sing	_	_	_	@kyk1972m-words#@kyk1972m#1157.787#1158.16
661	потому	потому	ADV	_	_	_	_	_	@kyk1972m-words#@kyk1972m#1158.16#1158.533
662	что	что	SCONJ	_	_	_	_	_	@kyk1972m-words#@kyk1972m#1158.533#1158.906
663	комедия	комедия	NOUN	_	Animacy=Inan|Case=Nom|Gender=Fem|Number=Sing	_	_	_	@kyk1972m-words#@kyk1972m#1158.906#1159.279
664	намного	намного	ADV	_	Degree=Pos	_	_	_	@kyk1972m-words#@kyk1972m#1159.279#1159.652
665	серьезнее	серьезно	ADJ	_	Degree=Cmp	_	_	_	@kyk1972m-words#@kyk1972m#1159.652#1160.025
666	и	и	CCONJ	_	_	_	_	_	@kyk1972m-words#@kyk1972m#1160.025#1160.398
667	намного	намного	ADV	_	Degree=Pos	_	_	_	@kyk1972m-words#@kyk1972m#1160.398#1160.771
668	сложнее	сложный	ADJ	_	Degree=Cmp	_	_	_	@kyk1972m-words#@kyk1972m#1160.771#1161.144
669	сама	сам	ADJ	_	Case=Nom|Degree=Pos|Gender=Fem|Number=Sing	_	_	_	@kyk1972m-words#@kyk1972m#1161.144#1161.517
670	по	по	ADP	_	_	_	_	_	@kyk1972m-words#@kyk1972m#1161.517#1161.89
671	себе	себя	PRON	_	Case=Dat	_	_	_	@kyk1972m-words#@kyk1972m#1161.89#1162.28
672	я	я	PRON	_	Case=Nom|Number=Sing|Person=1	_	_	_	@kyk1972m-words#@kyk1972m#1162.28#1162.819
673	знаю	знать	VERB	_	Aspect=Imp|Mood=Ind|Number=Sing|Person=1|Tense=Pres|VerbForm=Fin|Voice=Act	_	_	_	@kyk1972m-words#@kyk1972m#1162.819#1163.358
674	о	о	ADP	_	_	_	_	_	@kyk1972m-words#@kyk1972m#1163.358#1163.897
675	том	то	PRON	_	Animacy=Inan|Case=Loc|Gender=Neut|Number=Sing	_	_	_	@kyk1972m-words#@kyk1972m#1163.897#1164.436
676	что	что	SCONJ	_	_	_	_	_	@kyk1972m-words#@kyk1972m#1164.436#1164.975
677	эээ	эээ	INTJ	_	_	_	_	_	@kyk1972m-words#@kyk1972m#1164.975#1165.515
678	было	быть	AUX	_	Aspect=Imp|Gender=Neut|Mood=Ind|Number=Sing|Tense=Past|VerbForm=Fin|Voice=Act	_	_	_	@kyk1972m-words#@kyk1972m#1165.515#1166.411
679	снято	снять	VERB	_	Aspect=Perf|Gender=Neut|Number=Sing|Tense=Past|Variant=Short|VerbForm=Part|Voice=Pass	_	_	_	@kyk1972m-words#@kyk1972m#1166.411#1167.307
680	достаточно	достаточно	ADV	_	Degree=Pos	_	_	_	@kyk1972m-words#@kyk1972m#1167.307#1168.205
681	фильмов	фильм	NOUN	_	Animacy=Inan|Case=Gen|Gender=Masc|Number=Plur	_	_	_	@kyk1972m-words#@kyk1972m#1169.48#1169.994
682	ээ	ээ	INTJ	_	_	_	_	_	@kyk1972m-words#@kyk1972m#1169.994#1170.508
683	рассказывающих	рассказывать	VERB	_	Aspect=Imp|Case=Gen|Number=Plur|Tense=Pres|VerbForm=Part|Voice=Act	_	_	_	@kyk1972m-words#@kyk1972m#1170.508#1171.022
684	о	о	ADP	_	_	_	_	_	@kyk1972m-words#@kyk1972m#1171.022#1171.536
685	лагерных	лагерный	ADJ	_	Case=Loc|Degree=Pos|Number=Plur	_	_	_	@kyk1972m-words#@kyk1972m#1171.536#1172.05
686	событиях	событие	NOUN	_	Animacy=Inan|Case=Loc|Gender=Neut|Number=Plur	_	_	_	@kyk1972m-words#@kyk1972m#1172.05#1172.564
687	и	и	CCONJ	_	_	_	_	_	@kyk1972m-words#@kyk1972m#1172.564#1173.078
688	о	о	ADP	_	_	_	_	_	@kyk1972m-words#@kyk1972m#1173.078#1173.592
689	жизни	жизнь	NOUN	_	Animacy=Inan|Case=Loc|Gender=Fem|Number=Sing	_	_	_	@kyk1972m-words#@kyk1972m#1173.592#1174.11
690	они	они	PRON	_	Case=Nom|Number=Plur|Person=3	_	_	_	@kyk1972m-words#@kyk1972m#1174.11#1175.006
691	по-разному	по-разному	ADV	_	_	_	_	_	@kyk1972m-words#@kyk1972m#1175.006#1175.902
692	были	быть	AUX	_	Aspect=Imp|Mood=Ind|Number=Plur|Tense=Past|VerbForm=Fin|Voice=Act	_	_	_	@kyk1972m-words#@kyk1972m#1175.902#1176.8
693	подход	подход	NOUN	_	Animacy=Inan|Case=Nom|Gender=Masc|Number=Sing	_	_	_	@kyk1972m-words#@kyk1972m#1176.8#1177.282
694	в	в	ADP	_	_	_	_	_	@kyk1972m-words#@kyk1972m#1177.282#1177.764
695	них	они	PRON	_	Case=Loc|Number=Plur|Person=3	_	_	_	@kyk1972m-words#@kyk1972m#1177.764#1178.246
696	был	быть	AUX	_	Aspect=Imp|Gender=Masc|Mood=Ind|Number=Sing|Tense=Past|VerbForm=Fin|Voice=Act	_	_	_	@kyk1972m-words#@kyk1972m#1178.246#1178.728
697	разный	разный	ADJ	_	Case=Nom|Degree=Pos|Gender=Masc|Number=Sing	_	_	_	@kyk1972m-words#@kyk1972m#1178.728#1179.21
698	от	от	ADP	_	_	_	_	_	@kyk1972m-words#@kyk1972m#1179.21#1179.692
699	игровой	игровой	ADJ	_	Case=Gen|Degree=Pos|Gender=Fem|Number=Sing	_	_	_	@kyk1972m-words#@kyk1972m#1179.692#1180.174
700	смешной	смешной	ADJ	_	Case=Gen|Degree=Pos|Gender=Fem|Number=Sing	_	_	_	@kyk1972m-words#@kyk1972m#1180.174#1180.656
701	истории	история	NOUN	_	Animacy=Inan|Case=Gen|Gender=Fem|Number=Sing	_	_	_	@kyk1972m-words#@kyk1972m#1180.656#1181.138
702	до	до	ADP	_	_	_	_	_	@kyk1972m-words#@kyk1972m#1181.138#1181.62
703	прямо	прямо	ADV	_	Degree=Pos	_	_	_	@kyk1972m-words#@kyk1972m#1181.62#1182.102
704	практически	практически	ADV	_	_	_	_	_	@kyk1972m-words#@kyk1972m#1182.102#1182.584
705	документальной	документальный	ADJ	_	Case=Gen|Degree=Pos|Gender=Fem|Number=Sing	_	_	_	@kyk1972m-words#@kyk1972m#1182.584#1183.066
706	вещи	вещь	NOUN	_	Animacy=Inan|Case=Gen|Gender=Fem|Number=Sing	_	_	_	@kyk1972m-words#@kyk1972m#1183.066#1183.548
707	поэтому	поэтому	ADV	_	_	_	_	_	@kyk1972m-words#@kyk1972m#1183.548#1184.03
708	я	я	PRON	_	Case=Nom|Number=Sing|Person=1	_	_	_	@kyk1972m-words#@kyk1972m#1184.03#1184.512
709	не	не	PART	_	_	_	_	_	@kyk1972m-words#@kyk1972m#1184.512#1184.994
710	стал	стать	VERB	_	Aspect=Perf|Gender=Masc|Mood=Ind|Number=Sing|Tense=Past|VerbForm=Fin|Voice=Act	_	_	_	@kyk1972m-words#@kyk1972m#1184.994#1185.476
711	тягаться	тягаться	VERB	_	Aspect=Imp|VerbForm=Inf|Voice=Mid	_	_	_	@kyk1972m-words#@kyk1972m#1185.476#1185.97
712	и	и	CCONJ	_	_	_	_	_	@kyk1972m-words#@kyk1972m#1185.97#1186.46
713	я	я	PRON	_	Case=Nom|Number=Sing|Person=1	_	_	_	@kyk1972m-words#@kyk1972m#1186.46#1186.95
714	попытался	пытаться	VERB	_	Aspect=Perf|Gender=Masc|Mood=Ind|Number=Sing|Tense=Past|VerbForm=Fin|Voice=Mid	_	_	_	@kyk1972m-words#@kyk1972m#1186.95#1187.44
715	рассказать	рассказать	VERB	_	Aspect=Perf|VerbForm=Inf|Voice=Act	_	_	_	@kyk1972m-words#@kyk1972m#1187.44#1187.93
716	историю	история	NOUN	_	Animacy=Inan|Case=Acc|Gender=Fem|Number=Sing	_	_	_	@kyk1972m-words#@kyk1972m#1187.93#1188.42
717	о	о	ADP	_	_	_	_	_	@kyk1972m-words#@kyk1972m#1188.42#1188.91
718	людях	человек	NOUN	_	Animacy=Anim|Case=Loc|Gender=Masc|Number=Plur	_	_	_	@kyk1972m-words#@kyk1972m#1188.91#1189.4
719	о	о	ADP	_	_	_	_	_	@kyk1972m-words#@kyk1972m#1189.59#1190.011
720	том	то	PRON	_	Animacy=Inan|Case=Loc|Gender=Neut|Number=Sing	_	_	_	@kyk1972m-words#@kyk1972m#1190.011#1190.432
721	что	что	PRON	_	Case=Nom	_	_	_	@kyk1972m-words#@kyk1972m#1190.432#1190.853
722	с	с	ADP	_	_	_	_	_	@kyk1972m-words#@kyk1972m#1190.853#1191.274
723	ними	они	PRON	_	Case=Ins|Number=Plur|Person=3	_	_	_	@kyk1972m-words#@kyk1972m#1191.274#1191.695
724	происходит	происходить	VERB	_	Aspect=Imp|Mood=Ind|Number=Sing|Person=3|Tense=Pres|VerbForm=Fin|Voice=Act	_	_	_	@kyk1972m-words#@kyk1972m#1191.695#1192.12
725	об	о	ADP	_	_	_	_	_	@kyk1972m-words#@kyk1972m#1192.12#1192.99
726	их	их	DET	_	_	_	_	_	@kyk1972m-words#@kyk1972m#1192.99#1193.86
727	чувственном	чувственный	ADJ	_	Case=Loc|Degree=Pos|Gender=Masc|Number=Sing	_	_	_	@kyk1972m-words#@kyk1972m#1193.86#1194.73
728	диапазоне	диапазон	NOUN	_	Animacy=Inan|Case=Loc|Gender=Masc|Number=Sing	_	_	_	@kyk1972m-words#@kyk1972m#1194.73#1195.6
729	и	и	PART	_	_	_	_	_	@kyk1972m-words#@kyk1972m#1196.35#1196.791
730	через	через	ADP	_	_	_	_	_	@kyk1972m-words#@kyk1972m#1196.791#1197.232
731	эту	этот	DET	_	Case=Acc|Gender=Fem|Number=Sing	_	_	_	@kyk1972m-words#@kyk1972m#1197.232#1197.673
732	историю	история	NOUN	_	Animacy=Inan|Case=Acc|Gender=Fem|Number=Sing	_	_	_	@kyk1972m-words#@kyk1972m#1197.673#1198.114
733	не	не	PART	_	_	_	_	_	@kyk1972m-words#@kyk1972m#1198.114#1198.555
734	через	через	ADP	_	_	_	_	_	@kyk1972m-words#@kyk1972m#1198.555#1198.996
735	детективную	детективный	ADJ	_	Case=Acc|Degree=Pos|Gender=Fem|Number=Sing	_	_	_	@kyk1972m-words#@kyk1972m#1198.996#1199.437
736	историю	история	NOUN	_	Animacy=Inan|Case=Acc|Gender=Fem|Number=Sing	_	_	_	@kyk1972m-words#@kyk1972m#1199.437#1199.878
737	того	то	PRON	_	Animacy=Inan|Case=Gen|Gender=Neut|Number=Sing	_	_	_	@kyk1972m-words#@kyk1972m#1199.878#1200.319
738	как	как	SCONJ	_	_	_	_	_	@kyk1972m-words#@kyk1972m#1200.319#1200.76
739	ааа	аа	INTJ	_	_	_	_	_	@kyk1972m-words#@kyk1972m#1200.76#1201.201
740	мммм	мммма	INTJ	_	_	_	_	_	@kyk1972m-words#@kyk1972m#1201.201#1201.642
741	эээ	эээ	INTJ	_	_	_	_	_	@kyk1972m-words#@kyk1972m#1201.642#1202.085
742	они	они	PRON	_	Case=Nom|Number=Plur|Person=3	_	_	_	@kyk1972m-words#@kyk1972m#1202.085#1202.591
743	договаривались	договариваться	VERB	_	Aspect=Imp|Mood=Ind|Number=Plur|Tense=Past|VerbForm=Fin|Voice=Mid	_	_	_	@kyk1972m-words#@kyk1972m#1202.591#1203.097
744	и	и	CCONJ	_	_	_	_	_	@kyk1972m-words#@kyk1972m#1203.097#1203.603
745	как	как	ADV	_	Degree=Pos	_	_	_	@kyk1972m-words#@kyk1972m#1203.603#1204.109
746	они	они	PRON	_	Case=Nom|Number=Plur|Person=3	_	_	_	@kyk1972m-words#@kyk1972m#1204.109#1204.615
747	ааа	аа	INTJ	_	_	_	_	_	@kyk1972m-words#@kyk1972m#1204.96#1205.23
748	выстраивали	выстраивать	VERB	_	Aspect=Imp|Mood=Ind|Number=Plur|Tense=Past|VerbForm=Fin|Voice=Act	_	_	_	@kyk1972m-words#@kyk1972m#1205.23#1205.605
749	план	план	NOUN	_	Animacy=Inan|Case=Acc|Gender=Masc|Number=Sing	_	_	_	@kyk1972m-words#@kyk1972m#1205.605#1205.98
750	а	а	CCONJ	_	_	_	_	_	@kyk1972m-words#@kyk1972m#1205.98#1206.355
751	о	о	ADP	_	_	_	_	_	@kyk1972m-words#@kyk1972m#1206.355#1206.73
752	том	то	PRON	_	Animacy=Inan|Case=Loc|Gender=Neut|Number=Sing	_	_	_	@kyk1972m-words#@kyk1972m#1206.73#1207.105
753	что	что	PRON	_	Case=Nom	_	_	_	@kyk1972m-words#@kyk1972m#1207.105#1207.48
754	с	с	ADP	_	_	_	_	_	@kyk1972m-words#@kyk1972m#1207.48#1207.855
755	ними	они	PRON	_	Case=Ins|Number=Plur|Person=3	_	_	_	@kyk1972m-words#@kyk1972m#1207.855#1208.23
756	происходит	происходить	VERB	_	Aspect=Imp|Mood=Ind|Number=Sing|Person=3|Tense=Pres|VerbForm=Fin|Voice=Act	_	_	_	@kyk1972m-words#@kyk1972m#1208.23#1208.605
757	о	о	ADP	_	_	_	_	_	@kyk1972m-words#@kyk1972m#1208.605#1208.98
758	том	то	PRON	_	Animacy=Inan|Case=Loc|Gender=Neut|Number=Sing	_	_	_	@kyk1972m-words#@kyk1972m#1208.98#1209.355
759	до	до	ADP	_	_	_	_	_	@kyk1972m-words#@kyk1972m#1209.355#1209.73
760	чего	что	PRON	_	Case=Gen	_	_	_	@kyk1972m-words#@kyk1972m#1209.73#1210.105
761	их	они	PRON	_	Case=Acc|Number=Plur|Person=3	_	_	_	@kyk1972m-words#@kyk1972m#1210.105#1210.48
762	довели	довести	VERB	_	Aspect=Perf|Mood=Ind|Number=Plur|Tense=Past|VerbForm=Fin|Voice=Act	_	_	_	@kyk1972m-words#@kyk1972m#1210.48#1210.855
763	что	что	SCONJ	_	_	_	_	_	@kyk1972m-words#@kyk1972m#1210.855#1211.23
764	в	в	ADP	_	_	_	_	_	@kyk1972m-words#@kyk1972m#1211.23#1211.605
765	результате	результат	NOUN	_	Animacy=Inan|Case=Loc|Gender=Masc|Number=Sing	_	_	_	@kyk1972m-words#@kyk1972m#1211.605#1211.995
766	ммм	мм	INTJ	_	_	_	_	_	@kyk1972m-words#@kyk1972m#1211.995#1212.607
767	ааа	аа	INTJ	_	_	_	_	_	@kyk1972m-words#@kyk1972m#1212.607#1213.22
768	сподвигло	подвичь	VERB	_	Aspect=Perf|Gender=Neut|Mood=Ind|Number=Sing|Tense=Past|VerbForm=Fin|Voice=Mid	_	_	_	@kyk1972m-words#@kyk1972m#1213.22#1213.656
769	их	они	PRON	_	Case=Acc|Number=Plur|Person=3	_	_	_	@kyk1972m-words#@kyk1972m#1213.656#1214.092
770	на	на	ADP	_	_	_	_	_	@kyk1972m-words#@kyk1972m#1214.092#1214.528
771	такой	такой	DET	_	Case=Acc|Gender=Masc|Number=Sing	_	_	_	@kyk1972m-words#@kyk1972m#1214.528#1214.964
772	спонтанный	понтать	ADJ	_	Animacy=Inan|Case=Acc|Degree=Pos|Gender=Masc|Number=Sing	_	_	_	@kyk1972m-words#@kyk1972m#1214.964#1215.4
773	не	не	PART	_	_	_	_	_	@kyk1972m-words#@kyk1972m#1216.5#1217.226
774	подготовленный	подготовить	VERB	_	Animacy=Inan|Aspect=Perf|Case=Acc|Gender=Masc|Number=Sing|Tense=Past|VerbForm=Part|Voice=Pass	_	_	_	@kyk1972m-words#@kyk1972m#1217.226#1217.952
775	практически	практически	ADV	_	_	_	_	_	@kyk1972m-words#@kyk1972m#1217.952#1218.68
776	побег	побег	NOUN	_	Animacy=Inan|Case=Acc|Gender=Masc|Number=Sing	_	_	_	@kyk1972m-words#@kyk1972m#1219.005#1219.92
777	массовый	массовый	ADJ	_	Case=Acc|Degree=Pos|Gender=Masc|Number=Sing	_	_	_	@kyk1972m-words#@kyk1972m#1219.92#1220.835
